-- Generated from MariaDB by tools/catalog-exporter/src/bin/mariadb_to_sqlite.rs
PRAGMA foreign_keys = ON;
BEGIN TRANSACTION;

CREATE TABLE composers (
    id INTEGER PRIMARY KEY,
    first_name TEXT NOT NULL,
    last_name TEXT NOT NULL
);

CREATE TABLE operas (
    id INTEGER PRIMARY KEY,
    name TEXT NOT NULL,
    translation TEXT NOT NULL DEFAULT '',
    composer_id INTEGER NOT NULL REFERENCES composers(id) ON UPDATE CASCADE ON DELETE RESTRICT DEFERRABLE INITIALLY DEFERRED
);

CREATE TABLE pieces (
    id INTEGER PRIMARY KEY,
    title TEXT NOT NULL,
    description TEXT NOT NULL DEFAULT '',
    file_title TEXT NOT NULL,
    type TEXT NOT NULL,
    placement INTEGER,
    next_id INTEGER REFERENCES pieces(id) ON UPDATE CASCADE ON DELETE SET NULL DEFERRABLE INITIALLY DEFERRED,
    prev_id INTEGER REFERENCES pieces(id) ON UPDATE CASCADE ON DELETE SET NULL DEFERRABLE INITIALLY DEFERRED,
    opera_id INTEGER NOT NULL REFERENCES operas(id) ON UPDATE CASCADE ON DELETE RESTRICT DEFERRABLE INITIALLY DEFERRED
);

INSERT INTO composers (id, first_name, last_name) VALUES (3, 'Claudio', 'Monteverdi');
INSERT INTO composers (id, first_name, last_name) VALUES (4, 'Henry', 'Purcell');
INSERT INTO composers (id, first_name, last_name) VALUES (5, 'Domenico', 'Cimarosa');
INSERT INTO composers (id, first_name, last_name) VALUES (6, 'Antonio', 'Salieri');
INSERT INTO composers (id, first_name, last_name) VALUES (7, 'Luigi', 'Cherubini');
INSERT INTO composers (id, first_name, last_name) VALUES (8, 'Gaspare', 'Spontini');
INSERT INTO composers (id, first_name, last_name) VALUES (9, 'Giacomo', 'Meyerbeer');
INSERT INTO composers (id, first_name, last_name) VALUES (10, 'Gioacchino', 'Rossini');
INSERT INTO composers (id, first_name, last_name) VALUES (11, 'Gaetano', 'Donizetti');
INSERT INTO composers (id, first_name, last_name) VALUES (12, 'Vincenzo', 'Bellini');
INSERT INTO composers (id, first_name, last_name) VALUES (13, 'Hector', 'Berlioz');
INSERT INTO composers (id, first_name, last_name) VALUES (14, 'Mikhail', 'Glinka');
INSERT INTO composers (id, first_name, last_name) VALUES (15, 'Ambroise', 'Thomas');
INSERT INTO composers (id, first_name, last_name) VALUES (16, 'Richard', 'Wagner');
INSERT INTO composers (id, first_name, last_name) VALUES (17, 'Giuseppe', 'Verdi');
INSERT INTO composers (id, first_name, last_name) VALUES (18, 'Charles', 'Gounod');
INSERT INTO composers (id, first_name, last_name) VALUES (19, 'Jacques', 'Offenbach');
INSERT INTO composers (id, first_name, last_name) VALUES (20, 'Bedrich', 'Smetana');
INSERT INTO composers (id, first_name, last_name) VALUES (22, 'Georges', 'Bizet');
INSERT INTO composers (id, first_name, last_name) VALUES (23, 'Modest', 'Mussorgsky');
INSERT INTO composers (id, first_name, last_name) VALUES (24, 'Antonin', 'Dvorak');
INSERT INTO composers (id, first_name, last_name) VALUES (25, 'Jules', 'Massenet');
INSERT INTO composers (id, first_name, last_name) VALUES (26, 'Arthur', 'Sullivan');
INSERT INTO composers (id, first_name, last_name) VALUES (27, 'Leos', 'Janacek');
INSERT INTO composers (id, first_name, last_name) VALUES (28, 'Ruggiero', 'Leoncavallo');
INSERT INTO composers (id, first_name, last_name) VALUES (29, 'Giacomo', 'Puccini');
INSERT INTO composers (id, first_name, last_name) VALUES (30, 'Gustave', 'Charpentier');
INSERT INTO composers (id, first_name, last_name) VALUES (31, 'Claude', 'Debussy');
INSERT INTO composers (id, first_name, last_name) VALUES (32, 'Pietro', 'Mascagni');
INSERT INTO composers (id, first_name, last_name) VALUES (33, 'Richard', 'Strauss');
INSERT INTO composers (id, first_name, last_name) VALUES (34, 'Arnold', 'Schoenberg');
INSERT INTO composers (id, first_name, last_name) VALUES (35, 'Maurice', 'Ravel');
INSERT INTO composers (id, first_name, last_name) VALUES (36, 'Bela', 'Bartok');
INSERT INTO composers (id, first_name, last_name) VALUES (37, 'Igor', 'Stravinsky');
INSERT INTO composers (id, first_name, last_name) VALUES (39, 'Sergei', 'Prokofiev');
INSERT INTO composers (id, first_name, last_name) VALUES (41, 'George', 'Gershwin');
INSERT INTO composers (id, first_name, last_name) VALUES (42, 'Dmitri', 'Shostakovich');
INSERT INTO composers (id, first_name, last_name) VALUES (44, 'Benjamin', 'Britten');
INSERT INTO composers (id, first_name, last_name) VALUES (47, 'Nikolai', 'Rimsky-Korsakov');
INSERT INTO composers (id, first_name, last_name) VALUES (49, 'Camille', 'Saint-Saens');
INSERT INTO composers (id, first_name, last_name) VALUES (50, 'Carl Maria von', 'Weber');
INSERT INTO composers (id, first_name, last_name) VALUES (51, 'Ludwig van', 'Beethoven');
INSERT INTO composers (id, first_name, last_name) VALUES (52, 'Pyotr Ilyich', 'Tchaikovsky');
INSERT INTO composers (id, first_name, last_name) VALUES (53, 'Jean-Baptiste', 'Lully');
INSERT INTO composers (id, first_name, last_name) VALUES (54, 'Jean-Philippe', 'Rameau');
INSERT INTO composers (id, first_name, last_name) VALUES (55, 'George Frideric', 'Handel');
INSERT INTO composers (id, first_name, last_name) VALUES (56, 'Giovanni Battista', 'Pergolesi');
INSERT INTO composers (id, first_name, last_name) VALUES (57, 'Christoph Willibald', 'Gluck');
INSERT INTO composers (id, first_name, last_name) VALUES (58, 'Wolfgang Amadeus', 'Mozart');
INSERT INTO composers (id, first_name, last_name) VALUES (60, 'Johann', 'Strauss II');
INSERT INTO composers (id, first_name, last_name) VALUES (61, 'Johann', 'Strauss I');

INSERT INTO operas (id, name, translation, composer_id) VALUES (1, 'Le Nozze di Figaro', 'The Marriage of Figaro', 58);
INSERT INTO operas (id, name, translation, composer_id) VALUES (10, 'Die Zauberflöte', 'The Magic Flute', 58);
INSERT INTO operas (id, name, translation, composer_id) VALUES (11, 'La Traviata', 'The Fallen Woman', 17);
INSERT INTO operas (id, name, translation, composer_id) VALUES (12, 'Don Giovanni', '', 58);
INSERT INTO operas (id, name, translation, composer_id) VALUES (13, 'Carmen', '', 22);
INSERT INTO operas (id, name, translation, composer_id) VALUES (14, 'La Bohème', '', 29);
INSERT INTO operas (id, name, translation, composer_id) VALUES (15, 'Il Barbiere di Siviglia', 'The Barber of Seville', 10);
INSERT INTO operas (id, name, translation, composer_id) VALUES (16, 'Rigoletto', '', 17);
INSERT INTO operas (id, name, translation, composer_id) VALUES (17, 'Die Fledermaus', 'The Bat', 60);
INSERT INTO operas (id, name, translation, composer_id) VALUES (18, 'Tosca', '', 29);
INSERT INTO operas (id, name, translation, composer_id) VALUES (19, 'Pagliacci', '', 28);
INSERT INTO operas (id, name, translation, composer_id) VALUES (21, 'Fidelio', '', 51);
INSERT INTO operas (id, name, translation, composer_id) VALUES (22, 'Don Carlos', '', 17);
INSERT INTO operas (id, name, translation, composer_id) VALUES (23, 'Anna Bolena', '', 11);
INSERT INTO operas (id, name, translation, composer_id) VALUES (24, 'Così fan tutte', 'Women are like that', 58);
INSERT INTO operas (id, name, translation, composer_id) VALUES (25, 'Cavalleria rusticana', 'Rustic chivalry', 32);
INSERT INTO operas (id, name, translation, composer_id) VALUES (26, 'Don Pasquale', '', 11);
INSERT INTO operas (id, name, translation, composer_id) VALUES (27, 'Guillaume Tell', 'Wilhelm Tell', 10);
INSERT INTO operas (id, name, translation, composer_id) VALUES (28, 'Turandot', '', 29);
INSERT INTO operas (id, name, translation, composer_id) VALUES (29, 'Nabucco', 'Nebuchadnezzar', 17);
INSERT INTO operas (id, name, translation, composer_id) VALUES (30, 'Serse', 'Xerxes', 55);

INSERT INTO pieces (id, title, description, file_title, type, placement, next_id, prev_id, opera_id) VALUES (1, 'Overture', 'The opera starts with an ouverture.', 'don_giovanni/Mozart-Don_Giovanni-1-Overture.pdf', 'ouverture', 1, 2, NULL, 12);
INSERT INTO pieces (id, title, description, file_title, type, placement, next_id, prev_id, opera_id) VALUES (2, 'Notte e giorno faticar', '', 'don_giovanni/Mozart-Don_Giovanni-2-Notte_e_giorno_faticar.pdf', 'aria', 2, 3, 1, 12);
INSERT INTO pieces (id, title, description, file_title, type, placement, next_id, prev_id, opera_id) VALUES (3, 'Non sperar se non muccidi', '', 'don_giovanni/Mozart-Don_Giovanni-3-Non_sperar_se_non_muccidi.pdf', 'terzetto', 3, 4, 2, 12);
INSERT INTO pieces (id, title, description, file_title, type, placement, next_id, prev_id, opera_id) VALUES (4, 'Lasciala indegno', '', 'don_giovanni/Mozart-Don_Giovanni-4-Lasciala_indegno.pdf', 'terzetto', 4, 5, 3, 12);
INSERT INTO pieces (id, title, description, file_title, type, placement, next_id, prev_id, opera_id) VALUES (5, 'Leporello, ove sei', '', 'don_giovanni/Mozart-Don_Giovanni-5-Leporello,_ove_sei.pdf', 'recitativo', 5, 6, 4, 12);
INSERT INTO pieces (id, title, description, file_title, type, placement, next_id, prev_id, opera_id) VALUES (6, 'Ma qual mai soffre... Fuggi crudele fuggi', '', 'don_giovanni/Mozart-Don_Giovanni-6-Ma_qual_mai_soffre..._Fuggi_crudele_fuggi.pdf', 'duet', 6, 7, 5, 12);
INSERT INTO pieces (id, title, description, file_title, type, placement, next_id, prev_id, opera_id) VALUES (7, 'Orsù spìcciati presto', '', 'don_giovanni/Mozart-Don_Giovanni-7-Orsù_spìcciati_presto.pdf', 'recitativo', 7, 8, 6, 12);
INSERT INTO pieces (id, title, description, file_title, type, placement, next_id, prev_id, opera_id) VALUES (8, 'Ah chi mi dice mai', '', 'don_giovanni/Mozart-Don_Giovanni-8-Ah_chi_mi_dice_mai.pdf', 'terzetto', 8, 9, 7, 12);
INSERT INTO pieces (id, title, description, file_title, type, placement, next_id, prev_id, opera_id) VALUES (9, 'Chi è là.', '', 'don_giovanni/Mozart-Don_Giovanni-9-Chi_è_là..pdf', 'recitativo', 9, 10, 8, 12);
INSERT INTO pieces (id, title, description, file_title, type, placement, next_id, prev_id, opera_id) VALUES (10, 'Madamina il catalogo è questo', 'Leporello explains to Donna Elvira what Don Giovanni really is like. He has seduced many women. 640 in Italy, and 231 in Germany. But in Spain, 1003. ', 'don_giovanni/Mozart-Don_Giovanni-10-Madamina_il_catalogo_è_questo.pdf', 'aria', 10, 11, 9, 12);
INSERT INTO pieces (id, title, description, file_title, type, placement, next_id, prev_id, opera_id) VALUES (11, 'Giovinette che fate allamore', '', 'don_giovanni/Mozart-Don_Giovanni-11-Giovinette_che_fate_allamore.pdf', 'duet', 11, 12, 10, 12);
INSERT INTO pieces (id, title, description, file_title, type, placement, next_id, prev_id, opera_id) VALUES (12, 'Manco male è partita.', '', 'don_giovanni/Mozart-Don_Giovanni-12-Manco_male_è_partita..pdf', 'recitativo', 12, 13, 11, 12);
INSERT INTO pieces (id, title, description, file_title, type, placement, next_id, prev_id, opera_id) VALUES (13, 'Ho capito signorsì', '', 'don_giovanni/Mozart-Don_Giovanni-13-Ho_capito_signorsì.pdf', 'aria', 13, 14, 12, 12);
INSERT INTO pieces (id, title, description, file_title, type, placement, next_id, prev_id, opera_id) VALUES (14, 'Alfin siam liberati', '', 'don_giovanni/Mozart-Don_Giovanni-14-Alfin_siam_liberati.pdf', 'recitativo', 14, 15, 13, 12);
INSERT INTO pieces (id, title, description, file_title, type, placement, next_id, prev_id, opera_id) VALUES (15, 'Là ci darem la mano', 'Don Giovanni begins seducing Zerlina. She tries to resist him, but he makes short work of her attempts to thwart him, and she falls for him.', 'don_giovanni/Mozart-Don_Giovanni-15-Là_ci_darem_la_mano.pdf', 'duet', 15, 16, 14, 12);
INSERT INTO pieces (id, title, description, file_title, type, placement, next_id, prev_id, opera_id) VALUES (16, 'Fermati scellerato', '', 'don_giovanni/Mozart-Don_Giovanni-16-Fermati_scellerato.pdf', 'recitativo', 16, 17, 15, 12);
INSERT INTO pieces (id, title, description, file_title, type, placement, next_id, prev_id, opera_id) VALUES (17, 'Ah fuggi il traditor', '', 'don_giovanni/Mozart-Don_Giovanni-17-Ah_fuggi_il_traditor.pdf', 'aria', 17, 18, 16, 12);
INSERT INTO pieces (id, title, description, file_title, type, placement, next_id, prev_id, opera_id) VALUES (18, 'Mi par ch''oggi il demonio si diverta', '', 'don_giovanni/Mozart-Don_Giovanni-18-Mi_par_ch''oggi_il_demonio_si_diverta.pdf', 'recitativo', 18, 19, 17, 12);
INSERT INTO pieces (id, title, description, file_title, type, placement, next_id, prev_id, opera_id) VALUES (19, 'Non ti fidar o misera', '', 'don_giovanni/Mozart-Don_Giovanni-19-Non_ti_fidar_o_misera.pdf', 'quartet', 19, 20, 18, 12);
INSERT INTO pieces (id, title, description, file_title, type, placement, next_id, prev_id, opera_id) VALUES (20, 'Povera sventurata', '', 'don_giovanni/Mozart-Don_Giovanni-20-Povera_sventurata.pdf', 'recitativo', 20, 21, 19, 12);
INSERT INTO pieces (id, title, description, file_title, type, placement, next_id, prev_id, opera_id) VALUES (21, 'Don Ottavio son morta', '', 'don_giovanni/Mozart-Don_Giovanni-21-Don_Ottavio_son_morta.pdf', 'recitativo', 21, 22, 20, 12);
INSERT INTO pieces (id, title, description, file_title, type, placement, next_id, prev_id, opera_id) VALUES (22, 'Or sai chi lonore', '', 'don_giovanni/Mozart-Don_Giovanni-22-Or_sai_chi_lonore.pdf', 'aria', 22, 23, 21, 12);
INSERT INTO pieces (id, title, description, file_title, type, placement, next_id, prev_id, opera_id) VALUES (23, 'Come mai creder deggio', '', 'don_giovanni/Mozart-Don_Giovanni-23-Come_mai_creder_deggio.pdf', 'recitativo', 23, 24, 22, 12);
INSERT INTO pieces (id, title, description, file_title, type, placement, next_id, prev_id, opera_id) VALUES (24, 'Dalla sua pace', '', 'don_giovanni/Mozart-Don_Giovanni-24-Dalla_sua_pace.pdf', 'aria', 24, 25, 23, 12);
INSERT INTO pieces (id, title, description, file_title, type, placement, next_id, prev_id, opera_id) VALUES (25, 'Io deggio ad ogni patto', '', 'don_giovanni/Mozart-Don_Giovanni-25-Io_deggio_ad_ogni_patto.pdf', 'recitativo', 25, 26, 24, 12);
INSERT INTO pieces (id, title, description, file_title, type, placement, next_id, prev_id, opera_id) VALUES (26, 'Fin ch''han dal vino', '', 'don_giovanni/Mozart-Don_Giovanni-26-Fin_ch''han_dal_vino.pdf', 'aria', 26, 27, 25, 12);
INSERT INTO pieces (id, title, description, file_title, type, placement, next_id, prev_id, opera_id) VALUES (27, 'Masetto senti un po', '', 'don_giovanni/Mozart-Don_Giovanni-27-Masetto_senti_un_po.pdf', 'recitativo', 27, 28, 26, 12);
INSERT INTO pieces (id, title, description, file_title, type, placement, next_id, prev_id, opera_id) VALUES (28, 'Batti batti, o bel Masetto', 'Masetto is furious with Zerlina because she almost was seduced by Don Giovanni. In this aria Zerlina tries to convince Masetto that she is innocent. 

She tells him - beat me if you want, I will stand here meek as a lamb. Tear my hair and I will still gladly kiss you. Let us be friends again, because I am innocent. ', 'don_giovanni/Mozart-Don_Giovanni-28-Batti_batti_o_bel_Masetto.pdf', 'aria', 28, 29, 27, 12);
INSERT INTO pieces (id, title, description, file_title, type, placement, next_id, prev_id, opera_id) VALUES (29, 'Guarda un po come seppe', '', 'don_giovanni/Mozart-Don_Giovanni-29-Guarda_un_po_come_seppe.pdf', 'recitativo', 29, 30, 28, 12);
INSERT INTO pieces (id, title, description, file_title, type, placement, next_id, prev_id, opera_id) VALUES (30, 'Presto presto... Protegga il giusto cielo... Riposate vezzose ragazze... Trema trema...', '', 'don_giovanni/Mozart-Don_Giovanni-30-Presto_presto..._Protegga_il_giusto_cielo..._Riposate_vezzose_ragazze..._Trema_trema....pdf', 'finale', 30, 31, 29, 12);
INSERT INTO pieces (id, title, description, file_title, type, placement, next_id, prev_id, opera_id) VALUES (31, 'Eh via buffone', '', 'don_giovanni/Mozart-Don_Giovanni-31-Eh_via_buffone.pdf', 'duet', 31, 32, 30, 12);
INSERT INTO pieces (id, title, description, file_title, type, placement, next_id, prev_id, opera_id) VALUES (32, 'Leporello Signore', '', 'don_giovanni/Mozart-Don_Giovanni-32-Leporello_Signore.pdf', 'recitativo', 32, 33, 31, 12);
INSERT INTO pieces (id, title, description, file_title, type, placement, next_id, prev_id, opera_id) VALUES (33, 'Ah taci ingiusto core', '', 'don_giovanni/Mozart-Don_Giovanni-33-Ah_taci_ingiusto_core.pdf', 'terzetto', 33, 34, 32, 12);
INSERT INTO pieces (id, title, description, file_title, type, placement, next_id, prev_id, opera_id) VALUES (34, 'Amico che ti par', '', 'don_giovanni/Mozart-Don_Giovanni-34-Amico_che_ti_par.pdf', 'recitativo', 34, 35, 33, 12);
INSERT INTO pieces (id, title, description, file_title, type, placement, next_id, prev_id, opera_id) VALUES (35, 'Deh, vieni alla finestra, o mio tesoro', 'Don Giovanni tries to seduce a maid with his mandolin and beautiful singing. Before he can complete the seduction he is interrupted by a group of people. ', 'don_giovanni/Mozart-Don_Giovanni-35-Deh_vieni_alla_finestra_o_mio_tesoro.pdf', 'aria', 35, 36, 34, 12);
INSERT INTO pieces (id, title, description, file_title, type, placement, next_id, prev_id, opera_id) VALUES (36, 'Vè gente alla finestra', '', 'don_giovanni/Mozart-Don_Giovanni-36-Vè_gente_alla_finestra.pdf', 'recitativo', 36, 37, 35, 12);
INSERT INTO pieces (id, title, description, file_title, type, placement, next_id, prev_id, opera_id) VALUES (37, 'Metà di voi qua vadano', '', 'don_giovanni/Mozart-Don_Giovanni-37-Metà_di_voi_qua_vadano.pdf', 'aria', 37, 38, 36, 12);
INSERT INTO pieces (id, title, description, file_title, type, placement, next_id, prev_id, opera_id) VALUES (38, 'Zitto... Lascia chio senta', '', 'don_giovanni/Mozart-Don_Giovanni-38-Zitto..._Lascia_chio_senta.pdf', 'recitativo', 38, 39, 37, 12);
INSERT INTO pieces (id, title, description, file_title, type, placement, next_id, prev_id, opera_id) VALUES (39, 'Vedrai carino', 'Zerlina tries to cheer up Masetto who is hurt, by promising to give him a balm and blessing no one but her can give him.', 'don_giovanni/Mozart-Don_Giovanni-39-Vedrai_carino.pdf', 'aria', 39, 40, 38, 12);
INSERT INTO pieces (id, title, description, file_title, type, placement, next_id, prev_id, opera_id) VALUES (40, 'Di molti faci il lume savvicina', '', 'don_giovanni/Mozart-Don_Giovanni-40-Di_molti_faci_il_lume_savvicina.pdf', 'recitativo', 40, 41, 39, 12);
INSERT INTO pieces (id, title, description, file_title, type, placement, next_id, prev_id, opera_id) VALUES (41, 'Sola sola in bujo loco', '', 'don_giovanni/Mozart-Don_Giovanni-41-Sola_sola_in_bujo_loco.pdf', 'sextet', 41, 42, 40, 12);
INSERT INTO pieces (id, title, description, file_title, type, placement, next_id, prev_id, opera_id) VALUES (42, 'Ah pietà signori miei', '', 'don_giovanni/Mozart-Don_Giovanni-42-Ah_pietà_signori_miei.pdf', 'aria', 42, 43, 41, 12);
INSERT INTO pieces (id, title, description, file_title, type, placement, next_id, prev_id, opera_id) VALUES (43, 'A Ferma perfido ferma', '', 'don_giovanni/Mozart-Don_Giovanni-43-A_Ferma_perfido_ferma.pdf', 'recitativo', 43, 44, 42, 12);
INSERT INTO pieces (id, title, description, file_title, type, placement, next_id, prev_id, opera_id) VALUES (44, 'Il mio tesoro intanto', '', 'don_giovanni/Mozart-Don_Giovanni-44-Il_mio_tesoro_intanto.pdf', 'aria', 44, 45, 43, 12);
INSERT INTO pieces (id, title, description, file_title, type, placement, next_id, prev_id, opera_id) VALUES (45, 'Restati quà', '', 'don_giovanni/Mozart-Don_Giovanni-45-Restati_quà.pdf', 'recitativo', 45, 46, 44, 12);
INSERT INTO pieces (id, title, description, file_title, type, placement, next_id, prev_id, opera_id) VALUES (46, 'Per queste tue manine', '', 'don_giovanni/Mozart-Don_Giovanni-46-Per_queste_tue_manine.pdf', 'duet', 46, 47, 45, 12);
INSERT INTO pieces (id, title, description, file_title, type, placement, next_id, prev_id, opera_id) VALUES (47, 'Amico per pietà', '', 'don_giovanni/Mozart-Don_Giovanni-47-Amico_per_pietà.pdf', 'recitativo', 47, 48, 46, 12);
INSERT INTO pieces (id, title, description, file_title, type, placement, next_id, prev_id, opera_id) VALUES (48, 'In quali eccessi o Numi... Mi tradi quallalma ingrata...', '', 'don_giovanni/Mozart-Don_Giovanni-48-In_quali_eccessi_o_Numi..._Mi_tradi_quallalma_ingrata....pdf', 'aria', 48, 49, 47, 12);
INSERT INTO pieces (id, title, description, file_title, type, placement, next_id, prev_id, opera_id) VALUES (49, 'Ah questa è buona', '', 'don_giovanni/Mozart-Don_Giovanni-49-Ah_questa_è_buona.pdf', 'recitativo', 49, 50, 48, 12);
INSERT INTO pieces (id, title, description, file_title, type, placement, next_id, prev_id, opera_id) VALUES (50, 'O statua gentilissima', '', 'don_giovanni/Mozart-Don_Giovanni-50-O_statua_gentilissima.pdf', 'duet', 50, 51, 49, 12);
INSERT INTO pieces (id, title, description, file_title, type, placement, next_id, prev_id, opera_id) VALUES (51, 'Calmatevi idol mio', '', 'don_giovanni/Mozart-Don_Giovanni-51-Calmatevi_idol_mio.pdf', 'recitativo', 51, 53, 50, 12);
INSERT INTO pieces (id, title, description, file_title, type, placement, next_id, prev_id, opera_id) VALUES (53, 'Crudele ah no mio bene... Non mi dir bell''idol mio', '', 'don_giovanni/Mozart-Don_Giovanni-52-Crudele_ah_no_mio_bene..._Non_mi_dir_bell''idol_mio.pdf', 'aria', 52, 54, 51, 12);
INSERT INTO pieces (id, title, description, file_title, type, placement, next_id, prev_id, opera_id) VALUES (54, 'Ah si segua il suo passo', '', 'don_giovanni/Mozart-Don_Giovanni-53-Ah_si_segua_il_suo_passo.pdf', 'recitativo', 53, 55, 53, 12);
INSERT INTO pieces (id, title, description, file_title, type, placement, next_id, prev_id, opera_id) VALUES (55, 'Già la mensa... L''ultima prova... Don Giovanni A cenar teco...', '', 'don_giovanni/Mozart-Don_Giovanni-54-Già_la_mensa..._L''ultima_prova..._Don_Giovanni_A_cenar_teco....pdf', 'finale', 54, 79, 54, 12);
INSERT INTO pieces (id, title, description, file_title, type, placement, next_id, prev_id, opera_id) VALUES (56, 'Ouverture', 'The opera starts with an ouverture.', 'die_zauberflöte/Mozart-Die_Zauberflöte-1-Ouverture.pdf', 'ouverture', 1, 57, NULL, 10);
INSERT INTO pieces (id, title, description, file_title, type, placement, next_id, prev_id, opera_id) VALUES (57, 'Zu hilfe, zu hilfe', 'Tamino is fleeing from a huge snake, and is saved by the three ladies.', 'die_zauberflöte/Mozart-Die_Zauberflöte-2-Zu_hilfe,_zu_hilfe.pdf', 'quartet', 2, 58, 56, 10);
INSERT INTO pieces (id, title, description, file_title, type, placement, next_id, prev_id, opera_id) VALUES (58, 'Der Vogelfänger bin ich ja', 'Papageno presents himself, and explains what he wants from life, and what he does for a living. He is a birdcatcher.', 'die_zauberflöte/Mozart-Die_Zauberflöte-3-Der_Vogelfänger_bin_ich_ja.pdf', 'aria', 3, 59, 57, 10);
INSERT INTO pieces (id, title, description, file_title, type, placement, next_id, prev_id, opera_id) VALUES (59, 'Dies bildnis ist bezaubernd schön', 'Tamino is shown a picture of Pamina, and he is enthralled by her beauty.', 'die_zauberflöte/Mozart-Die_Zauberflöte-4-Dies_bildnis_ist_bezaubernd_schön.pdf', 'aria', 4, 60, 58, 10);
INSERT INTO pieces (id, title, description, file_title, type, placement, next_id, prev_id, opera_id) VALUES (60, 'O zittre nicht, mein lieber Sohn... Zum Leiden bin ich auserkoren', '', 'die_zauberflöte/Mozart-Die_Zauberflöte-5-O_zittre_nicht,_mein_lieber_Sohn..._Zum_Leiden_bin_ich_auserkoren.pdf', 'aria', 5, 61, 59, 10);
INSERT INTO pieces (id, title, description, file_title, type, placement, next_id, prev_id, opera_id) VALUES (61, 'Hmm, hmm, hmm.. Ich kann nichts tun als dich beklagen...', 'Papageno has a lock for his mouth and can not speak.', 'die_zauberflöte/Mozart-Die_Zauberflöte-6-Hmm,_hmm,_hmm.._Ich_kann_nichts_tun_als_dich_beklagen....pdf', 'quintet', 6, 62, 60, 10);
INSERT INTO pieces (id, title, description, file_title, type, placement, next_id, prev_id, opera_id) VALUES (62, 'Du feines Täubchen, nur herein', '', 'die_zauberflöte/Mozart-Die_Zauberflöte-7-Du_feines_Täubchen,_nur_herein.pdf', 'terzetto', 7, 63, 61, 10);
INSERT INTO pieces (id, title, description, file_title, type, placement, next_id, prev_id, opera_id) VALUES (63, 'Bei Männern, welche Liebe fühlen', '', 'die_zauberflöte/Mozart-Die_Zauberflöte-8-Bei_Männern,_welche_Liebe_fühlen.pdf', 'duet', 8, 64, 62, 10);
INSERT INTO pieces (id, title, description, file_title, type, placement, next_id, prev_id, opera_id) VALUES (64, 'Zum Ziele führt dich diese Bahn', '', 'die_zauberflöte/Mozart-Die_Zauberflöte-9-Zum_Ziele_führt_dich_diese_Bahn.pdf', 'finale', 9, 65, 63, 10);
INSERT INTO pieces (id, title, description, file_title, type, placement, next_id, prev_id, opera_id) VALUES (65, 'Marsch der priester', '', 'die_zauberflöte/Mozart-Die_Zauberflöte-10-Marsch_der_priester.pdf', 'intermezzo', 10, 66, 64, 10);
INSERT INTO pieces (id, title, description, file_title, type, placement, next_id, prev_id, opera_id) VALUES (66, 'O Isis und Osiris', 'After a solemn March, Sarastro tells the other priests that Tamino is ready to undergo the trials of enlightenment. In this aria he invokes Isis and Osiris, the ancient gods, and asks them to protect Tamino and Pamina.', 'die_zauberflöte/Mozart-Die_Zauberflöte-11-O_Isis_und_Osiris.pdf', 'aria', 11, 67, 65, 10);
INSERT INTO pieces (id, title, description, file_title, type, placement, next_id, prev_id, opera_id) VALUES (67, 'Bewahret euch vor Weibertücken', '', 'die_zauberflöte/Mozart-Die_Zauberflöte-12-Bewahret_euch_vor_Weibertücken.pdf', 'duet', 12, 68, 66, 10);
INSERT INTO pieces (id, title, description, file_title, type, placement, next_id, prev_id, opera_id) VALUES (68, 'Alles fühlt der Liebe Freuden', '', 'die_zauberflöte/Mozart-Die_Zauberflöte-13-Alles_fühlt_der_Liebe_Freuden.pdf', 'aria', 13, 69, 67, 10);
INSERT INTO pieces (id, title, description, file_title, type, placement, next_id, prev_id, opera_id) VALUES (69, 'Der Hölle Rache kocht in meinem Herzen', 'The queen of the night gives Pamina a dagger and tells her to kill Sarastro. ', 'die_zauberflöte/Mozart-Die_Zauberflöte-14-Der_Hölle_Rache_kocht_in_meinem_Herzen.pdf', 'aria', 14, 70, 68, 10);
INSERT INTO pieces (id, title, description, file_title, type, placement, next_id, prev_id, opera_id) VALUES (70, 'In diesen heilgen Hallen', 'Pamina begs Sarastro, that he should forgive her mother. He reassures Pamina, that within these sacred halls revenge has no place.', 'die_zauberflöte/Mozart-Die_Zauberflöte-15-In_diesen_heilgen_Hallen.pdf', 'aria', 15, 71, 69, 10);
INSERT INTO pieces (id, title, description, file_title, type, placement, next_id, prev_id, opera_id) VALUES (71, 'Seid uns zum zweitenmal wilkommen', '', 'die_zauberflöte/Mozart-Die_Zauberflöte-16-Seid_uns_zum_zweitenmal_wilkommen.pdf', 'terzetto', 16, 72, 70, 10);
INSERT INTO pieces (id, title, description, file_title, type, placement, next_id, prev_id, opera_id) VALUES (72, 'Ach, ich fühl''s, es ist entschwunden', '', 'die_zauberflöte/Mozart-Die_Zauberflöte-17-Ach,_ich_fühl''s,_es_ist_entschwunden.pdf', 'aria', 17, 74, 71, 10);
INSERT INTO pieces (id, title, description, file_title, type, placement, next_id, prev_id, opera_id) VALUES (74, 'O Isis und Osiris (Chor der Priester)', '', 'die_zauberflöte/Mozart-Die_Zauberflöte-18-O_Isis_und_Osiris_(Chor_der_Priester).pdf', 'choir', 18, 75, 72, 10);
INSERT INTO pieces (id, title, description, file_title, type, placement, next_id, prev_id, opera_id) VALUES (75, 'Soll ich dich, Teurer, nicht mehr sehn', '', 'die_zauberflöte/Mozart-Die_Zauberflöte-19-Soll_ich_dich,_Teurer,_nicht_mehr_sehn.pdf', 'terzetto', 19, 76, 74, 10);
INSERT INTO pieces (id, title, description, file_title, type, placement, next_id, prev_id, opera_id) VALUES (76, 'Ein Mädchen oder Weibchen wünscht Papageno sich', '', 'die_zauberflöte/Mozart-Die_Zauberflöte-20-Ein_Mädchen_oder_Weibchen_wünscht_Papageno_sich.pdf', 'aria', 20, 77, 75, 10);
INSERT INTO pieces (id, title, description, file_title, type, placement, next_id, prev_id, opera_id) VALUES (77, 'Bald prangt, den morgen zu verkünden', '', 'die_zauberflöte/Mozart-Die_Zauberflöte-21-Bald_prangt,_den_morgen_zu_verkünden.pdf', 'finale', 21, 80, 76, 10);
INSERT INTO pieces (id, title, description, file_title, type, placement, next_id, prev_id, opera_id) VALUES (79, 'Don Giovanni - Vocal Score', '', 'don_giovanni/Mozart-Don_Giovanni-99-Don_Giovanni.pdf', 'score', 99, NULL, 55, 12);
INSERT INTO pieces (id, title, description, file_title, type, placement, next_id, prev_id, opera_id) VALUES (80, 'Die Zauberflöte - Vocal Score', '', 'die_zauberflöte/Mozart-Die_Zauberflöte-99-Die_Zauberflöte.pdf', 'score', 99, NULL, 77, 10);
INSERT INTO pieces (id, title, description, file_title, type, placement, next_id, prev_id, opera_id) VALUES (81, 'Preludio', '', 'la_traviata/Verdi-La_Traviata-1-Preludio.pdf', 'ouverture', 1, 82, NULL, 11);
INSERT INTO pieces (id, title, description, file_title, type, placement, next_id, prev_id, opera_id) VALUES (82, 'Introduzione - Dell''invito trascorsa è già l''ora', '', 'la_traviata/Verdi-La_Traviata-2-Preludio.pdf', 'choir', 2, 83, 81, 11);
INSERT INTO pieces (id, title, description, file_title, type, placement, next_id, prev_id, opera_id) VALUES (83, 'Brindisi - Libiamo ne'' lieti calici', 'Alfredo agrees to lead a drinking song.', 'la_traviata/Verdi-La_Traviata-3-Preludio.pdf', 'duet', 3, 84, 82, 11);
INSERT INTO pieces (id, title, description, file_title, type, placement, next_id, prev_id, opera_id) VALUES (84, 'Che è ciò', '', 'la_traviata/Verdi-La_Traviata-4-Preludio.pdf', 'choir', 4, 85, 83, 11);
INSERT INTO pieces (id, title, description, file_title, type, placement, next_id, prev_id, opera_id) VALUES (85, 'Oh qual pallor... Un dì felice, eterea...', 'Alfredo tells Violetta he is worried about her fragile health, and professes his love for her. She first rejects him, but can''t help being touched by the way Alfredo is. ', 'la_traviata/Verdi-La_Traviata-5-Oh_qual_pallor..._Un_dì_felice,_eterea....pdf', 'duet', 5, 86, 84, 11);
INSERT INTO pieces (id, title, description, file_title, type, placement, next_id, prev_id, opera_id) VALUES (86, 'Si ridesta in ciel l''aurora', '', 'la_traviata/Verdi-La_Traviata-6-Si_ridesta_in_ciel_l''aurora.pdf', 'choir', 6, 87, 85, 11);
INSERT INTO pieces (id, title, description, file_title, type, placement, next_id, prev_id, opera_id) VALUES (87, 'È strano... Ah fors''è lui che l''anima...', 'Violetta considers whether Alfredo could be her true love. She concludes that she needs to live her life in freedom, and that would make love hard.', 'la_traviata/Verdi-La_Traviata-7-È_strano..._Ah_fors''è_lui_che_l''anima....pdf', 'aria', 7, 88, 86, 11);
INSERT INTO pieces (id, title, description, file_title, type, placement, next_id, prev_id, opera_id) VALUES (88, 'Follie... Sempre libera degg''io follegiare...', '', 'la_traviata/Verdi-La_Traviata-8-Follie..._Sempre_libera_degg''io_follegiare....pdf', 'duet', 8, 89, 87, 11);
INSERT INTO pieces (id, title, description, file_title, type, placement, next_id, prev_id, opera_id) VALUES (89, 'Lunge da lei... De miei bollenti spiriti...', '', 'la_traviata/Verdi-La_Traviata-9-Lunge_da_lei..._De_miei_bollenti_spiriti....pdf', 'aria', 9, 90, 88, 11);
INSERT INTO pieces (id, title, description, file_title, type, placement, next_id, prev_id, opera_id) VALUES (90, 'Pura siccome un angelo', '', 'la_traviata/Verdi-La_Traviata-10-Pura_siccome_un_angelo.pdf', 'duet', 10, 91, 89, 11);
INSERT INTO pieces (id, title, description, file_title, type, placement, next_id, prev_id, opera_id) VALUES (91, 'Dammi tu forza, o cielo...', '', 'la_traviata/Verdi-La_Traviata-11-Dammi_tu_forza,_o_cielo....pdf', 'aria', 11, 92, 90, 11);
INSERT INTO pieces (id, title, description, file_title, type, placement, next_id, prev_id, opera_id) VALUES (92, 'Di Provenza il mar', '', 'la_traviata/Verdi-La_Traviata-12-Di_Provenza_il_mar.pdf', 'aria', 12, 93, 91, 11);
INSERT INTO pieces (id, title, description, file_title, type, placement, next_id, prev_id, opera_id) VALUES (93, 'Avrem lieta di maschere..', '', 'la_traviata/Verdi-La_Traviata-13-Avrem_lieta_di_maschere...pdf', 'finale', 13, 94, 92, 11);
INSERT INTO pieces (id, title, description, file_title, type, placement, next_id, prev_id, opera_id) VALUES (94, 'Addio del passato bei sogni ridenti', '', 'la_traviata/Verdi-La_Traviata-14-Addio_del_passato_bei_sogni_ridenti.pdf', 'aria', 14, 95, 93, 11);
INSERT INTO pieces (id, title, description, file_title, type, placement, next_id, prev_id, opera_id) VALUES (95, 'Baccanale - Largo al quadrupede', '', 'la_traviata/Verdi-La_Traviata-15-Baccanale_-_Largo_al_quadrupede.pdf', 'choir', 15, 96, 94, 11);
INSERT INTO pieces (id, title, description, file_title, type, placement, next_id, prev_id, opera_id) VALUES (96, 'Parigi, o cara, noi lasceremo', '', 'la_traviata/Verdi-La_Traviata-16-Parigi,_o_cara,_noi_lasceremo.pdf', 'duet', 16, 97, 95, 11);
INSERT INTO pieces (id, title, description, file_title, type, placement, next_id, prev_id, opera_id) VALUES (97, 'Prendi quest''è l''immagine', '', 'la_traviata/Verdi-La_Traviata-17-Prendi_quest''è_l''immagine.pdf', 'finale', 17, 98, 96, 11);
INSERT INTO pieces (id, title, description, file_title, type, placement, next_id, prev_id, opera_id) VALUES (98, 'La Traviata - Vocal Score', '', 'la_traviata/Verdi-La_Traviata-99-La_Traviata.pdf', 'score', 99, NULL, 97, 11);
INSERT INTO pieces (id, title, description, file_title, type, placement, next_id, prev_id, opera_id) VALUES (99, 'Prélude', 'The opera starts with a prélude', 'carmen/Bizet-Carmen-1-Prélude.pdf', 'ouverture', 1, 100, NULL, 13);
INSERT INTO pieces (id, title, description, file_title, type, placement, next_id, prev_id, opera_id) VALUES (100, 'Sur la place, chacun passe', '', 'carmen/Bizet-Carmen-2-Sur_la_place,_chacun_passe.pdf', 'choir', 2, 101, 99, 13);
INSERT INTO pieces (id, title, description, file_title, type, placement, next_id, prev_id, opera_id) VALUES (101, 'Avec la garde montante', '', 'carmen/Bizet-Carmen-3-Avec_la_garde_montante.pdf', 'choir', 3, 102, 100, 13);
INSERT INTO pieces (id, title, description, file_title, type, placement, next_id, prev_id, opera_id) VALUES (102, 'La Cloche a sonné, nous des ouvrières', '', 'carmen/Bizet-Carmen-4-La_Cloche_a_sonné,_nous_des_ouvrières.pdf', 'choir', 4, 104, 101, 13);
INSERT INTO pieces (id, title, description, file_title, type, placement, next_id, prev_id, opera_id) VALUES (104, 'Habanera - L''amour est un oiseau rebelle', '', 'carmen/Bizet-Carmen-5-Habanera_-_L''amour_est_un_oiseau_rebelle.pdf', 'aria', 5, 105, 102, 13);
INSERT INTO pieces (id, title, description, file_title, type, placement, next_id, prev_id, opera_id) VALUES (105, 'Carmen! sur tes pas nous nous pressons tous', '', 'carmen/Bizet-Carmen-6-Carmen!_sur_tes_pas_nous_nous_pressons_tous.pdf', 'choir', 6, 106, 104, 13);
INSERT INTO pieces (id, title, description, file_title, type, placement, next_id, prev_id, opera_id) VALUES (106, 'Parle-moi de ma mère', '', 'carmen/Bizet-Carmen-7-Parle-moi_de_ma_mère.pdf', 'duet', 7, 107, 105, 13);
INSERT INTO pieces (id, title, description, file_title, type, placement, next_id, prev_id, opera_id) VALUES (107, 'Que se passe-t-il donc là-bas', '', 'carmen/Bizet-Carmen-8-Que_se_passe-t-il_donc_là-bas.pdf', 'choir', 8, 108, 106, 13);
INSERT INTO pieces (id, title, description, file_title, type, placement, next_id, prev_id, opera_id) VALUES (108, 'Tra la la la, coupe-moi brûle-moi', '', 'carmen/Bizet-Carmen-9-Tra_la_la_la,_coupe-moi_brûle-moi.pdf', 'aria', 9, 109, 107, 13);
INSERT INTO pieces (id, title, description, file_title, type, placement, next_id, prev_id, opera_id) VALUES (109, 'Seguidilla - Près des remparts de Séville', '', 'carmen/Bizet-Carmen-10-Seguidilla_-_Près_des_remparts_de_Séville.pdf', 'aria', 10, 110, 108, 13);
INSERT INTO pieces (id, title, description, file_title, type, placement, next_id, prev_id, opera_id) VALUES (110, 'Voice l''orde', '', 'carmen/Bizet-Carmen-11-Voice_l''orde.pdf', 'finale', 11, 111, 109, 13);
INSERT INTO pieces (id, title, description, file_title, type, placement, next_id, prev_id, opera_id) VALUES (111, 'Entr''acte - second act', '', 'carmen/Bizet-Carmen-12-Entr''acte_-_second_act.pdf', 'intermezzo', 12, 112, 110, 13);
INSERT INTO pieces (id, title, description, file_title, type, placement, next_id, prev_id, opera_id) VALUES (112, 'Les tringles des sistres tintaient', '', 'carmen/Bizet-Carmen-13-Les_tringles_des_sistres_tintaient.pdf', 'terzetto', 13, 113, 111, 13);
INSERT INTO pieces (id, title, description, file_title, type, placement, next_id, prev_id, opera_id) VALUES (113, 'Messieurs, Pastia me dit', '', 'carmen/Bizet-Carmen-14-Messieurs,_Pastia_me_dit.pdf', 'recitativo', 14, 114, 112, 13);
INSERT INTO pieces (id, title, description, file_title, type, placement, next_id, prev_id, opera_id) VALUES (114, 'Vivat, vivat le toréro!', '', 'carmen/Bizet-Carmen-15-Vivat,_vivat_le_toréro!.pdf', 'choir', 15, 115, 113, 13);
INSERT INTO pieces (id, title, description, file_title, type, placement, next_id, prev_id, opera_id) VALUES (115, 'Toreador - Votre toast je peux vous le rendre', '', 'carmen/Bizet-Carmen-16-Toreador_-_Votre_toast_je_peux_vous_le_rendre.pdf', 'aria', 16, 116, 114, 13);
INSERT INTO pieces (id, title, description, file_title, type, placement, next_id, prev_id, opera_id) VALUES (116, 'Nous avons en tête une affaire!', '', 'carmen/Bizet-Carmen-17-Nous_avons_en_tête_une_affaire!.pdf', 'quintet', 17, 117, 115, 13);
INSERT INTO pieces (id, title, description, file_title, type, placement, next_id, prev_id, opera_id) VALUES (117, 'Halte-là! Qui va là', '', 'carmen/Bizet-Carmen-18-Halte-là!_Qui_va_là.pdf', 'aria', 18, 119, 116, 13);
INSERT INTO pieces (id, title, description, file_title, type, placement, next_id, prev_id, opera_id) VALUES (119, 'Je vais danser en votre honneur', '', 'carmen/Bizet-Carmen-19-Je_vais_danser_en_votre_honneur.pdf', 'duet', 19, 120, 117, 13);
INSERT INTO pieces (id, title, description, file_title, type, placement, next_id, prev_id, opera_id) VALUES (120, 'La fleur que tu ma''vais jetée', '', 'carmen/Bizet-Carmen-20-La_fleur_que_tu_ma''vais_jetée.pdf', 'aria', 20, 121, 119, 13);
INSERT INTO pieces (id, title, description, file_title, type, placement, next_id, prev_id, opera_id) VALUES (121, 'Non! tu ne ma''aimes pas!', '', 'carmen/Bizet-Carmen-21-Non!_tu_ne_ma''aimes_pas!.pdf', 'duet', 21, 122, 120, 13);
INSERT INTO pieces (id, title, description, file_title, type, placement, next_id, prev_id, opera_id) VALUES (122, 'Holà, Carmen', '', 'carmen/Bizet-Carmen-22-Holà,_Carmen.pdf', 'finale', 22, 123, 121, 13);
INSERT INTO pieces (id, title, description, file_title, type, placement, next_id, prev_id, opera_id) VALUES (123, 'Entr''acte - third act', '', 'carmen/Bizet-Carmen-23-Entr''acte_-_third_act.pdf', 'intermezzo', 23, 124, 122, 13);
INSERT INTO pieces (id, title, description, file_title, type, placement, next_id, prev_id, opera_id) VALUES (124, 'Écoute, compagnon, écoute', '', 'carmen/Bizet-Carmen-24-Écoute,_compagnon,_écoute.pdf', 'choir', 24, 125, 123, 13);
INSERT INTO pieces (id, title, description, file_title, type, placement, next_id, prev_id, opera_id) VALUES (125, 'Reposons-nous une heure ici', '', 'carmen/Bizet-Carmen-25-Reposons-nous_une_heure_ici.pdf', 'recitativo', 25, 126, 124, 13);
INSERT INTO pieces (id, title, description, file_title, type, placement, next_id, prev_id, opera_id) VALUES (126, 'Mêlons! Coupons!', '', 'carmen/Bizet-Carmen-26-Mêlons!_Coupons!.pdf', 'terzetto', 26, 127, 125, 13);
INSERT INTO pieces (id, title, description, file_title, type, placement, next_id, prev_id, opera_id) VALUES (127, 'Quant au douanier c''est notre affaire', '', 'carmen/Bizet-Carmen-27-Quant_au_douanier_c''est_notre_affaire.pdf', 'choir', 27, 128, 126, 13);
INSERT INTO pieces (id, title, description, file_title, type, placement, next_id, prev_id, opera_id) VALUES (128, 'C''est des contrebandiers... Je dis que rien ne m''épouvante', '', 'carmen/Bizet-Carmen-28-C''est_des_contrebandiers..._Je_dis_que_rien_ne_m''épouvante.pdf', 'aria', 28, 129, 127, 13);
INSERT INTO pieces (id, title, description, file_title, type, placement, next_id, prev_id, opera_id) VALUES (129, 'Je suis Escamillo', '', 'carmen/Bizet-Carmen-29-Je_suis_Escamillo.pdf', 'duet', 29, 130, 128, 13);
INSERT INTO pieces (id, title, description, file_title, type, placement, next_id, prev_id, opera_id) VALUES (130, 'Hola, Jose', '', 'carmen/Bizet-Carmen-30-Hola,_Jose.pdf', 'finale', 30, 131, 129, 13);
INSERT INTO pieces (id, title, description, file_title, type, placement, next_id, prev_id, opera_id) VALUES (131, 'Entr''acte - fourth act', '', 'carmen/Bizet-Carmen-31-Entr''acte_-_fourth_act.pdf', 'intermezzo', 31, 132, 130, 13);
INSERT INTO pieces (id, title, description, file_title, type, placement, next_id, prev_id, opera_id) VALUES (132, 'À deux cuartos', '', 'carmen/Bizet-Carmen-32-À_deux_cuartos.pdf', 'choir', 32, 133, 131, 13);
INSERT INTO pieces (id, title, description, file_title, type, placement, next_id, prev_id, opera_id) VALUES (133, 'Les voici, voici la quadrille', '', 'carmen/Bizet-Carmen-33-Les_voici,_voici_la_quadrille.pdf', 'choir', 33, 134, 132, 13);
INSERT INTO pieces (id, title, description, file_title, type, placement, next_id, prev_id, opera_id) VALUES (134, 'C''est toi, c''est moi', '', 'carmen/Bizet-Carmen-34-C''est_toi,_c''est_moi.pdf', 'finale', 34, 135, 133, 13);
INSERT INTO pieces (id, title, description, file_title, type, placement, next_id, prev_id, opera_id) VALUES (135, 'Carmen - Vocal Score', '', 'carmen/Bizet-Carmen-99-Carmen.pdf', 'score', 99, NULL, 134, 13);
INSERT INTO pieces (id, title, description, file_title, type, placement, next_id, prev_id, opera_id) VALUES (136, 'Questo mar rosso', '', 'la_bohème/Puccini-La_Bohème-1-Questo_mar_rosso.pdf', 'duet', 1, 137, NULL, 14);
INSERT INTO pieces (id, title, description, file_title, type, placement, next_id, prev_id, opera_id) VALUES (137, 'Già dell''Apocalisse appariscono i segni', '', 'la_bohème/Puccini-La_Bohème-2-Già_dell''Apocalisse_appariscono_i_segni.pdf', 'quartet', 2, 138, 136, 14);
INSERT INTO pieces (id, title, description, file_title, type, placement, next_id, prev_id, opera_id) VALUES (138, 'Si può... Chi è là... Benoit', '', 'la_bohème/Puccini-La_Bohème-3-Si_può..._Chi_è_là..._Benoit.pdf', 'quintet', 3, 140, 137, 14);
INSERT INTO pieces (id, title, description, file_title, type, placement, next_id, prev_id, opera_id) VALUES (140, 'Chi è la... Scusi... Una donna', '', 'la_bohème/Puccini-La_Bohème-4-Chi_è_la..._Scusi..._Una_donna.pdf', 'duet', 4, 141, 138, 14);
INSERT INTO pieces (id, title, description, file_title, type, placement, next_id, prev_id, opera_id) VALUES (141, 'Che gelida manina', '', 'la_bohème/Puccini-La_Bohème-5-Che_gelida_manina.pdf', 'aria', 5, 142, 140, 14);
INSERT INTO pieces (id, title, description, file_title, type, placement, next_id, prev_id, opera_id) VALUES (142, 'Sì. Mi chiamano Mimì', '', 'la_bohème/Puccini-La_Bohème-6-Sì._Mi_chiamano_Mimì.pdf', 'aria', 6, 143, 141, 14);
INSERT INTO pieces (id, title, description, file_title, type, placement, next_id, prev_id, opera_id) VALUES (143, 'Ah, tu sol comandi, amor', '', 'la_bohème/Puccini-La_Bohème-7-Ah,_tu_sol_comandi,_amor.pdf', 'duet', 7, 144, 142, 14);
INSERT INTO pieces (id, title, description, file_title, type, placement, next_id, prev_id, opera_id) VALUES (144, 'Aranci, datteri', '', 'la_bohème/Puccini-La_Bohème-8-Aranci,_datteri.pdf', 'choir', 8, 145, 143, 14);
INSERT INTO pieces (id, title, description, file_title, type, placement, next_id, prev_id, opera_id) VALUES (145, 'Falso questo Re', '', 'la_bohème/Puccini-La_Bohème-9-Falso_questo_Re.pdf', 'choir', 9, 146, 144, 14);
INSERT INTO pieces (id, title, description, file_title, type, placement, next_id, prev_id, opera_id) VALUES (146, 'Parpignol', '', 'la_bohème/Puccini-La_Bohème-10-Parpignol.pdf', 'choir', 10, 147, 145, 14);
INSERT INTO pieces (id, title, description, file_title, type, placement, next_id, prev_id, opera_id) VALUES (147, 'Ch’io beva del tossico', '', 'la_bohème/Puccini-La_Bohème-11-Ch’io_beva_del_tossico.pdf', 'choir', 11, 148, 146, 14);
INSERT INTO pieces (id, title, description, file_title, type, placement, next_id, prev_id, opera_id) VALUES (148, 'Quando m’en vo’', '', 'la_bohème/Puccini-La_Bohème-12-Quando_m’en_vo’.pdf', 'aria', 12, 149, 147, 14);
INSERT INTO pieces (id, title, description, file_title, type, placement, next_id, prev_id, opera_id) VALUES (149, 'Quella gente che dira', '', 'la_bohème/Puccini-La_Bohème-13-Quella_gente_che_dira.pdf', 'choir', 13, 150, 148, 14);
INSERT INTO pieces (id, title, description, file_title, type, placement, next_id, prev_id, opera_id) VALUES (150, 'Ecco il tambur maggiore', '', 'la_bohème/Puccini-La_Bohème-14-Ecco_il_tambur_maggiore.pdf', 'finale', 14, 151, 149, 14);
INSERT INTO pieces (id, title, description, file_title, type, placement, next_id, prev_id, opera_id) VALUES (151, 'Chi nel bel trovà il piacer', '', 'la_bohème/Puccini-La_Bohème-15-Chi_nel_bel_trovà_il_piacer.pdf', 'choir', 15, 152, 150, 14);
INSERT INTO pieces (id, title, description, file_title, type, placement, next_id, prev_id, opera_id) VALUES (152, 'Sa dirmi, scusi... Mimì... Speravo di trovarvi qui', '', 'la_bohème/Puccini-La_Bohème-16-Sa_dirmi,_scusi..._Mimì..._Speravo_di_trovarvi_qui.pdf', 'duet', 16, 153, 151, 14);
INSERT INTO pieces (id, title, description, file_title, type, placement, next_id, prev_id, opera_id) VALUES (153, 'Marcello, finalmente', '', 'la_bohème/Puccini-La_Bohème-17-Marcello,_finalmente.pdf', 'terzetto', 17, 154, 152, 14);
INSERT INTO pieces (id, title, description, file_title, type, placement, next_id, prev_id, opera_id) VALUES (154, 'Donde lieta', '', 'la_bohème/Puccini-La_Bohème-18-Donde_lieta.pdf', 'aria', 18, 155, 153, 14);
INSERT INTO pieces (id, title, description, file_title, type, placement, next_id, prev_id, opera_id) VALUES (155, 'Addio dolce svegliare', '', 'la_bohème/Puccini-La_Bohème-19-Addio_dolce_svegliare.pdf', 'quartet', 19, 156, 154, 14);
INSERT INTO pieces (id, title, description, file_title, type, placement, next_id, prev_id, opera_id) VALUES (156, 'In a coupé... O Mimì tu più non torni', '', 'la_bohème/Puccini-La_Bohème-20-In_a_coupé..._O_Mimì_tu_più_non_torni.pdf', 'duet', 20, 157, 155, 14);
INSERT INTO pieces (id, title, description, file_title, type, placement, next_id, prev_id, opera_id) VALUES (157, 'Eccoci... Ebben', '', 'la_bohème/Puccini-La_Bohème-21-Eccoci..._Ebben.pdf', 'quartet', 21, 158, 156, 14);
INSERT INTO pieces (id, title, description, file_title, type, placement, next_id, prev_id, opera_id) VALUES (158, 'Musetta... C’è Mimì', '', 'la_bohème/Puccini-La_Bohème-22-Musetta..._C’è_Mimì.pdf', 'sextet', 22, 159, 157, 14);
INSERT INTO pieces (id, title, description, file_title, type, placement, next_id, prev_id, opera_id) VALUES (159, 'Vecchia zimarra', '', 'la_bohème/Puccini-La_Bohème-23-Vecchia_zimarra.pdf', 'aria', 23, 160, 158, 14);
INSERT INTO pieces (id, title, description, file_title, type, placement, next_id, prev_id, opera_id) VALUES (160, 'Sono andati', '', 'la_bohème/Puccini-La_Bohème-24-Sono_andati.pdf', 'duet', 24, 161, 159, 14);
INSERT INTO pieces (id, title, description, file_title, type, placement, next_id, prev_id, opera_id) VALUES (161, 'Dorme... Riposa', '', 'la_bohème/Puccini-La_Bohème-25-Dorme..._Riposa.pdf', 'finale', 25, 162, 160, 14);
INSERT INTO pieces (id, title, description, file_title, type, placement, next_id, prev_id, opera_id) VALUES (162, 'La Bohème - Vocal Score', '', 'la_bohème/Puccini-La_Bohème-99-La_Bohème.pdf', 'score', 99, NULL, 161, 14);
INSERT INTO pieces (id, title, description, file_title, type, placement, next_id, prev_id, opera_id) VALUES (163, 'Ouverture', 'The opera starts with an ouverture.', 'le_nozze_di_figaro/Mozart-Le_Nozze_di_Figaro-1-Ouverture.pdf', 'ouverture', 1, 164, NULL, 1);
INSERT INTO pieces (id, title, description, file_title, type, placement, next_id, prev_id, opera_id) VALUES (164, 'Cinque, dieci, venti', 'Figaro is measuring his new bedroom, and Susanna is trying out her new hat.', 'le_nozze_di_figaro/Mozart-Le_Nozze_di_Figaro-2-Cinque,_dieci,_venti.pdf', 'duet', 2, 165, 163, 1);
INSERT INTO pieces (id, title, description, file_title, type, placement, next_id, prev_id, opera_id) VALUES (165, 'Se a caso Madama', '', 'le_nozze_di_figaro/Mozart-Le_Nozze_di_Figaro-3-Se_a_caso_Madama.pdf', 'duet', 3, 166, 164, 1);
INSERT INTO pieces (id, title, description, file_title, type, placement, next_id, prev_id, opera_id) VALUES (166, 'Se vuol ballare, Signor contino', 'Figaro becomes furious when he hears that the count wants to have Susanna.', 'le_nozze_di_figaro/Mozart-Le_Nozze_di_Figaro-4-Se_vuol_ballare,_Signor_contino.pdf', 'aria', 4, 167, 165, 1);
INSERT INTO pieces (id, title, description, file_title, type, placement, next_id, prev_id, opera_id) VALUES (167, 'La vendetta, oh, la vendetta', 'Bartolo wants revenge on Figaro, for tricking him into allowing Count Almaviva and Rosina, the countess, to get married.', 'le_nozze_di_figaro/Mozart-Le_Nozze_di_Figaro-5-La_vendetta,_oh,_la_vendetta.pdf', 'aria', 5, 168, 166, 1);
INSERT INTO pieces (id, title, description, file_title, type, placement, next_id, prev_id, opera_id) VALUES (168, 'Via resti servita, Madama brillante', '', 'le_nozze_di_figaro/Mozart-Le_Nozze_di_Figaro-6-Via_resti_servita,_Madama_brillante.pdf', 'duet', 6, 169, 167, 1);
INSERT INTO pieces (id, title, description, file_title, type, placement, next_id, prev_id, opera_id) VALUES (169, 'Non so più cosa son, cosa faccio', '', 'le_nozze_di_figaro/Mozart-Le_Nozze_di_Figaro-7-Non_so_più_cosa_son,_cosa_faccio.pdf', 'aria', 7, 171, 168, 1);
INSERT INTO pieces (id, title, description, file_title, type, placement, next_id, prev_id, opera_id) VALUES (171, 'Cosa sento, tosto andate e scacciate', '', 'le_nozze_di_figaro/Mozart-Le_Nozze_di_Figaro-8-Cosa_sento,_tosto_andate_e_scacciate.pdf', 'terzetto', 8, 172, 169, 1);
INSERT INTO pieces (id, title, description, file_title, type, placement, next_id, prev_id, opera_id) VALUES (172, 'Giovani liete, fiori spargete', '', 'le_nozze_di_figaro/Mozart-Le_Nozze_di_Figaro-9-Giovani_liete,_fiori_spargete.pdf', 'choir', 9, 173, 171, 1);
INSERT INTO pieces (id, title, description, file_title, type, placement, next_id, prev_id, opera_id) VALUES (173, 'Non più andrai, farfallone amoroso', '', 'le_nozze_di_figaro/Mozart-Le_Nozze_di_Figaro-10-Non_più_andrai,_farfallone_amoroso.pdf', 'aria', 10, 174, 172, 1);
INSERT INTO pieces (id, title, description, file_title, type, placement, next_id, prev_id, opera_id) VALUES (174, 'Porgi amor qualche ristoro', '', 'le_nozze_di_figaro/Mozart-Le_Nozze_di_Figaro-11-Porgi_amor_qualche_ristoro.pdf', 'aria', 11, 175, 173, 1);
INSERT INTO pieces (id, title, description, file_title, type, placement, next_id, prev_id, opera_id) VALUES (175, 'Voi, che sapete, che cosa è amor', '', 'le_nozze_di_figaro/Mozart-Le_Nozze_di_Figaro-12-Voi,_che_sapete,_che_cosa_è_amor.pdf', 'aria', 12, 176, 174, 1);
INSERT INTO pieces (id, title, description, file_title, type, placement, next_id, prev_id, opera_id) VALUES (176, 'Venite, inginocchiatevi', '', 'le_nozze_di_figaro/Mozart-Le_Nozze_di_Figaro-13-Venite,_inginocchiatevi.pdf', 'aria', 13, 177, 175, 1);
INSERT INTO pieces (id, title, description, file_title, type, placement, next_id, prev_id, opera_id) VALUES (177, 'Susanna, or via sortite', '', 'le_nozze_di_figaro/Mozart-Le_Nozze_di_Figaro-14-Susanna,_or_via_sortite.pdf', 'terzetto', 14, 178, 176, 1);
INSERT INTO pieces (id, title, description, file_title, type, placement, next_id, prev_id, opera_id) VALUES (178, 'Aprite, presto aprite', '', 'le_nozze_di_figaro/Mozart-Le_Nozze_di_Figaro-15-Aprite,_presto_aprite.pdf', 'duet', 15, 179, 177, 1);
INSERT INTO pieces (id, title, description, file_title, type, placement, next_id, prev_id, opera_id) VALUES (179, 'Esci omai, garzon malnato', '', 'le_nozze_di_figaro/Mozart-Le_Nozze_di_Figaro-16-Esci_omai,_garzon_malnato.pdf', 'finale', 16, 180, 178, 1);
INSERT INTO pieces (id, title, description, file_title, type, placement, next_id, prev_id, opera_id) VALUES (180, 'Crudel, perchè finora', '', 'le_nozze_di_figaro/Mozart-Le_Nozze_di_Figaro-17-Crudel,_perchè_finora.pdf', 'duet', 17, 181, 179, 1);
INSERT INTO pieces (id, title, description, file_title, type, placement, next_id, prev_id, opera_id) VALUES (181, 'Hai già vinta la causa', '', 'le_nozze_di_figaro/Mozart-Le_Nozze_di_Figaro-18-Hai_già_vinta_la_causa.pdf', 'aria', 18, 182, 180, 1);
INSERT INTO pieces (id, title, description, file_title, type, placement, next_id, prev_id, opera_id) VALUES (182, 'Riconosci in questo amplesso', '', 'le_nozze_di_figaro/Mozart-Le_Nozze_di_Figaro-19-Riconosci_in_questo_amplesso.pdf', 'sextet', 19, 183, 181, 1);
INSERT INTO pieces (id, title, description, file_title, type, placement, next_id, prev_id, opera_id) VALUES (183, 'E susanna non vien... Dove sono i bei momenti', '', 'le_nozze_di_figaro/Mozart-Le_Nozze_di_Figaro-20-E_susanna_non_vien.pdf', 'aria', 20, 184, 182, 1);
INSERT INTO pieces (id, title, description, file_title, type, placement, next_id, prev_id, opera_id) VALUES (184, 'Sull''aria', '', 'le_nozze_di_figaro/Mozart-Le_Nozze_di_Figaro-21-Sull''aria.pdf', 'duet', 21, 185, 183, 1);
INSERT INTO pieces (id, title, description, file_title, type, placement, next_id, prev_id, opera_id) VALUES (185, 'Ricevete, o padroncina', '', 'le_nozze_di_figaro/Mozart-Le_Nozze_di_Figaro-22-Ricevete,_o_padroncina.pdf', 'choir', 22, 186, 184, 1);
INSERT INTO pieces (id, title, description, file_title, type, placement, next_id, prev_id, opera_id) VALUES (186, 'Ecco la marcia', '', 'le_nozze_di_figaro/Mozart-Le_Nozze_di_Figaro-23-Ecco_la_marcia.pdf', 'intermezzo', 23, 187, 185, 1);
INSERT INTO pieces (id, title, description, file_title, type, placement, next_id, prev_id, opera_id) VALUES (187, 'Amanti costanti, seguaci d''amor', '', 'le_nozze_di_figaro/Mozart-Le_Nozze_di_Figaro-24-Amanti_costanti,_seguaci_d''amor.pdf', 'choir', 24, 188, 186, 1);
INSERT INTO pieces (id, title, description, file_title, type, placement, next_id, prev_id, opera_id) VALUES (188, 'L''ho perduta, me meschina', '', 'le_nozze_di_figaro/Mozart-Le_Nozze_di_Figaro-25-L''ho_perduta,_me_meschina.pdf', 'aria', 25, 189, 187, 1);
INSERT INTO pieces (id, title, description, file_title, type, placement, next_id, prev_id, opera_id) VALUES (189, 'Il capro e la capretta', '', 'le_nozze_di_figaro/Mozart-Le_Nozze_di_Figaro-26-Il_capro_e_la_capretta.pdf', 'aria', 26, 190, 188, 1);
INSERT INTO pieces (id, title, description, file_title, type, placement, next_id, prev_id, opera_id) VALUES (190, 'In quegli anni in cui val poco', '', 'le_nozze_di_figaro/Mozart-Le_Nozze_di_Figaro-27-In_quegli_anni_in_cui_val_poco.pdf', 'aria', 27, 191, 189, 1);
INSERT INTO pieces (id, title, description, file_title, type, placement, next_id, prev_id, opera_id) VALUES (191, 'Giunse al fin il momento... Deh vieni non tardar', '', 'le_nozze_di_figaro/Mozart-Le_Nozze_di_Figaro-29-Giunse_al_fin_il_momento..._Deh_vieni_non_tardar.pdf', 'aria', 29, 192, 190, 1);
INSERT INTO pieces (id, title, description, file_title, type, placement, next_id, prev_id, opera_id) VALUES (192, 'Pian, pianin, là andrò più presso', '', 'le_nozze_di_figaro/Mozart-Le_Nozze_di_Figaro-30-Pian,_pianin,_là_andrò_più_presso.pdf', 'finale', 30, 193, 191, 1);
INSERT INTO pieces (id, title, description, file_title, type, placement, next_id, prev_id, opera_id) VALUES (193, 'Le Nozze di Figaro - Vocal Score', '', 'le_nozze_di_figaro/Mozart-Le_Nozze_di_Figaro-99-Le_Nozze_di_Figaro.pdf', 'score', 99, NULL, 192, 1);
INSERT INTO pieces (id, title, description, file_title, type, placement, next_id, prev_id, opera_id) VALUES (194, 'Sinfonia', 'The opera starts with a sinfonia.', 'il_barbiere_di_siviglia/Rossini-Il_Barbiere_di_Siviglia-1-Sinfonia.pdf', 'ouverture', 1, 195, NULL, 15);
INSERT INTO pieces (id, title, description, file_title, type, placement, next_id, prev_id, opera_id) VALUES (195, 'Pian, pianissimo senza parlar', '', 'il_barbiere_di_siviglia/Rossini-Il_Barbiere_di_Siviglia-2-Pian,_pianissimo_senza_parlar.pdf', 'choir', 2, 196, 194, 15);
INSERT INTO pieces (id, title, description, file_title, type, placement, next_id, prev_id, opera_id) VALUES (196, 'Ecco ridente in cielo', '', 'il_barbiere_di_siviglia/Rossini-Il_Barbiere_di_Siviglia-3-Ecco_ridente_in_cielo.pdf', 'aria', 3, 197, 195, 15);
INSERT INTO pieces (id, title, description, file_title, type, placement, next_id, prev_id, opera_id) VALUES (197, 'Ehi, Fiorello... Mille grazie mio signore', '', 'il_barbiere_di_siviglia/Rossini-Il_Barbiere_di_Siviglia-4-Ehi,_Fiorello..._Mille_grazie_mio_signore.pdf', 'choir', 4, 198, 196, 15);
INSERT INTO pieces (id, title, description, file_title, type, placement, next_id, prev_id, opera_id) VALUES (198, 'Largo al factotum della Città', 'The barber, Figaro, comes in and explains to us all the things he does and how sought after he is.', 'il_barbiere_di_siviglia/Rossini-Il_Barbiere_di_Siviglia-5-Largo_al_factotum_della_Città.pdf', 'aria', 5, 199, 197, 15);
INSERT INTO pieces (id, title, description, file_title, type, placement, next_id, prev_id, opera_id) VALUES (199, 'Se il mio nome', '', 'il_barbiere_di_siviglia/Rossini-Il_Barbiere_di_Siviglia-6-Se_il_mio_nome.pdf', 'aria', 6, 200, 198, 15);
INSERT INTO pieces (id, title, description, file_title, type, placement, next_id, prev_id, opera_id) VALUES (200, 'All''idea di quel metallo', '', 'il_barbiere_di_siviglia/Rossini-Il_Barbiere_di_Siviglia-7-All''idea_di_quel_metallo.pdf', 'duet', 7, 201, 199, 15);
INSERT INTO pieces (id, title, description, file_title, type, placement, next_id, prev_id, opera_id) VALUES (201, 'Una voce poco fa', '', 'il_barbiere_di_siviglia/Rossini-Il_Barbiere_di_Siviglia-8-Una_voce_poco_fa.pdf', 'aria', 8, 202, 200, 15);
INSERT INTO pieces (id, title, description, file_title, type, placement, next_id, prev_id, opera_id) VALUES (202, 'Si, si la vincerò', '', 'il_barbiere_di_siviglia/Rossini-Il_Barbiere_di_Siviglia-9-Si,_si_la_vincerò.pdf', 'recitativo', 9, 203, 201, 15);
INSERT INTO pieces (id, title, description, file_title, type, placement, next_id, prev_id, opera_id) VALUES (203, 'La calunnia è un venticello', '', 'il_barbiere_di_siviglia/Rossini-Il_Barbiere_di_Siviglia-10-La_calunnia_è_un_venticello.pdf', 'aria', 10, 204, 202, 15);
INSERT INTO pieces (id, title, description, file_title, type, placement, next_id, prev_id, opera_id) VALUES (204, 'Ah, che ne dite', '', 'il_barbiere_di_siviglia/Rossini-Il_Barbiere_di_Siviglia-11-Ah,_che_ne_dite.pdf', 'recitativo', 11, 206, 203, 15);
INSERT INTO pieces (id, title, description, file_title, type, placement, next_id, prev_id, opera_id) VALUES (206, 'Dunque io son', '', 'il_barbiere_di_siviglia/Rossini-Il_Barbiere_di_Siviglia-12-Dunque_io_son.pdf', 'duet', 12, 207, 204, 15);
INSERT INTO pieces (id, title, description, file_title, type, placement, next_id, prev_id, opera_id) VALUES (207, 'Ora mi sento meglio', '', 'il_barbiere_di_siviglia/Rossini-Il_Barbiere_di_Siviglia-13-Ora_mi_sento_meglio.pdf', 'recitativo', 13, 208, 206, 15);
INSERT INTO pieces (id, title, description, file_title, type, placement, next_id, prev_id, opera_id) VALUES (208, 'Manca un foglio, e già suppongo', '', 'il_barbiere_di_siviglia/Rossini-Il_Barbiere_di_Siviglia-14-Manca_un_foglio,_e_già_suppongo.pdf', 'aria', 14, 209, 207, 15);
INSERT INTO pieces (id, title, description, file_title, type, placement, next_id, prev_id, opera_id) VALUES (209, 'Brontola quanto vuoi', '', 'il_barbiere_di_siviglia/Rossini-Il_Barbiere_di_Siviglia-15-Brontola_quanto_vuoi.pdf', 'recitativo', 15, 210, 208, 15);
INSERT INTO pieces (id, title, description, file_title, type, placement, next_id, prev_id, opera_id) VALUES (210, 'Ehi di casa, buona gente', '', 'il_barbiere_di_siviglia/Rossini-Il_Barbiere_di_Siviglia-16-Ehi_di_casa,_buona_gente.pdf', 'finale', 16, 211, 209, 15);
INSERT INTO pieces (id, title, description, file_title, type, placement, next_id, prev_id, opera_id) VALUES (211, 'Pace e gioja sia con voi', '', 'il_barbiere_di_siviglia/Rossini-Il_Barbiere_di_Siviglia-17-Pace_e_gioja_sia_con_voi.pdf', 'duet', 17, 212, 210, 15);
INSERT INTO pieces (id, title, description, file_title, type, placement, next_id, prev_id, opera_id) VALUES (212, 'Insomma, mio signore', '', 'il_barbiere_di_siviglia/Rossini-Il_Barbiere_di_Siviglia-18-Insomma,_mio_signore.pdf', 'recitativo', 18, 213, 211, 15);
INSERT INTO pieces (id, title, description, file_title, type, placement, next_id, prev_id, opera_id) VALUES (213, 'Contro un cor che accende amore', '', 'il_barbiere_di_siviglia/Rossini-Il_Barbiere_di_Siviglia-19-Contro_un_cor_che_accende_amore.pdf', 'aria', 19, 214, 212, 15);
INSERT INTO pieces (id, title, description, file_title, type, placement, next_id, prev_id, opera_id) VALUES (214, 'Quando mi sei vicina amabile Rosina', '', 'il_barbiere_di_siviglia/Rossini-Il_Barbiere_di_Siviglia-20-Quando_mi_sei_vicina_amabile_Rosina.pdf', 'aria', 20, 215, 213, 15);
INSERT INTO pieces (id, title, description, file_title, type, placement, next_id, prev_id, opera_id) VALUES (215, 'Don Basilio... Cosa veggo... Quale intoppo', '', 'il_barbiere_di_siviglia/Rossini-Il_Barbiere_di_Siviglia-21-Don_Basilio..._Cosa_veggo..._Quale_intoppo.pdf', 'quintet', 21, 216, 214, 15);
INSERT INTO pieces (id, title, description, file_title, type, placement, next_id, prev_id, opera_id) VALUES (216, 'Ah, disgraziato me', '', 'il_barbiere_di_siviglia/Rossini-Il_Barbiere_di_Siviglia-22-Ah,_disgraziato_me.pdf', 'recitativo', 22, 217, 215, 15);
INSERT INTO pieces (id, title, description, file_title, type, placement, next_id, prev_id, opera_id) VALUES (217, 'Il vecchietto cerca moglie', '', 'il_barbiere_di_siviglia/Rossini-Il_Barbiere_di_Siviglia-23-Il_vecchietto_cerca_moglie.pdf', 'aria', 23, 218, 216, 15);
INSERT INTO pieces (id, title, description, file_title, type, placement, next_id, prev_id, opera_id) VALUES (218, 'Dunque voi, Don Alonso', '', 'il_barbiere_di_siviglia/Rossini-Il_Barbiere_di_Siviglia-24-Dunque_voi,_Don_Alonso.pdf', 'recitativo', 24, 219, 217, 15);
INSERT INTO pieces (id, title, description, file_title, type, placement, next_id, prev_id, opera_id) VALUES (219, 'Temporale', '', 'il_barbiere_di_siviglia/Rossini-Il_Barbiere_di_Siviglia-25-Temporale.pdf', 'intermezzo', 25, 220, 218, 15);
INSERT INTO pieces (id, title, description, file_title, type, placement, next_id, prev_id, opera_id) VALUES (220, 'Alfine eccoci qua', '', 'il_barbiere_di_siviglia/Rossini-Il_Barbiere_di_Siviglia-26-Alfine_eccoci_qua.pdf', 'recitativo', 26, 221, 219, 15);
INSERT INTO pieces (id, title, description, file_title, type, placement, next_id, prev_id, opera_id) VALUES (221, 'Ah, qual colpo inaspettato', '', 'il_barbiere_di_siviglia/Rossini-Il_Barbiere_di_Siviglia-27-Ah,_qual_colpo_inaspettato.pdf', 'terzetto', 27, 222, 220, 15);
INSERT INTO pieces (id, title, description, file_title, type, placement, next_id, prev_id, opera_id) VALUES (222, 'Ah disgraziati noi', '', 'il_barbiere_di_siviglia/Rossini-Il_Barbiere_di_Siviglia-28-Ah_disgraziati_noi.pdf', 'recitativo', 28, 223, 221, 15);
INSERT INTO pieces (id, title, description, file_title, type, placement, next_id, prev_id, opera_id) VALUES (223, 'Di si felice innesto serbiam', '', 'il_barbiere_di_siviglia/Rossini-Il_Barbiere_di_Siviglia-29-Di_si_felice_innesto_serbiam.pdf', 'finale', 29, 224, 222, 15);
INSERT INTO pieces (id, title, description, file_title, type, placement, next_id, prev_id, opera_id) VALUES (224, 'Il Barbiere di Siviglia - Vocal Score', '', 'il_barbiere_di_siviglia/Rossini-Il_Barbiere_di_Siviglia-99-Il_Barbiere_di_Siviglia_-_Vocal_Score.pdf', 'score', 99, NULL, 223, 15);
INSERT INTO pieces (id, title, description, file_title, type, placement, next_id, prev_id, opera_id) VALUES (226, 'Prelude', 'The opera starts with a prelude', 'rigoletto/Verdi-Rigoletto-1-Prelude.pdf', 'ouverture', 1, 227, NULL, 16);
INSERT INTO pieces (id, title, description, file_title, type, placement, next_id, prev_id, opera_id) VALUES (227, 'Della mia bella incognita', 'The Duke talks to Borsa, about a woman he is seeing. ', 'rigoletto/Verdi-Rigoletto-2-Della_mia_bella_incognita.pdf', 'recitativo', 2, 228, 226, 16);
INSERT INTO pieces (id, title, description, file_title, type, placement, next_id, prev_id, opera_id) VALUES (228, 'Questa o quella per me pari sono', 'The Duke lives a life where he enjoys the company of as many women as possible. He particularly enjoys sleeping with the women of married men.  ', 'rigoletto/Verdi-Rigoletto-3-Questa_o_quella_per_me_pari_sono.pdf', 'aria', 3, 229, 227, 16);
INSERT INTO pieces (id, title, description, file_title, type, placement, next_id, prev_id, opera_id) VALUES (229, 'Partite, crudele', 'The Duke tells the Countess of Ceprano that she is a beautiful woman, and she should stay in his castle, instead of going back to her husband.', 'rigoletto/Verdi-Rigoletto-4-Partite,_crudele.pdf', 'terzetto', 4, 230, 228, 16);
INSERT INTO pieces (id, title, description, file_title, type, placement, next_id, prev_id, opera_id) VALUES (230, 'Perigordino', 'This is a short dance piece. ', 'rigoletto/Verdi-Rigoletto-5-Perigordino.pdf', 'intermezzo', 5, 231, 229, 16);
INSERT INTO pieces (id, title, description, file_title, type, placement, next_id, prev_id, opera_id) VALUES (231, 'Tutte è festa, tutta è gioia', 'Marullo informs the court that Rigoletto has a lover (This is not true, the woman believed to be his lover is in fact his daughter, Gilda). Rigoletto mocks the the Count of Ceprano and the courtiers for being cuckolds. Meanwhile the Duke is flirting with the Countess of Ceprano. The courtiers and the Count vows to have their revenge on Rigoletto for mocking them. ', 'rigoletto/Verdi-Rigoletto-6-Tutte_è_festa,_tutta_è_gioia.pdf', 'choir', 6, 232, 230, 16);
INSERT INTO pieces (id, title, description, file_title, type, placement, next_id, prev_id, opera_id) VALUES (232, 'Oh tu che la festa audace hai turbato', 'Rigoletto mocks Count Monterone being cuckolded by the Duke. Monterone becomes furious and confronts the Duke. The Duke has Count Monterone arrested and put in jail, but before leaving the court, Count Monterone curses both the Duke and Rigoletto.', 'rigoletto/Verdi-Rigoletto-7-Oh_tu_che_la_festa_audace_hai_turbato.pdf', 'choir', 7, 233, 231, 16);
INSERT INTO pieces (id, title, description, file_title, type, placement, next_id, prev_id, opera_id) VALUES (233, 'Qual vecchio maledivami', 'Rigoletto is thinking about the curse that Count Monterone put on him, when suddenly an assassin approaches him and offers Rigoletto his services. Rigoletto declines, but remembers the assassin and his offer. ', 'rigoletto/Verdi-Rigoletto-8-Qual_vecchio_maledivami.pdf', 'duet', 8, 234, 232, 16);
INSERT INTO pieces (id, title, description, file_title, type, placement, next_id, prev_id, opera_id) VALUES (234, 'Pari siamo... Deh non parlare al misero', 'Rigoletto reflects over the similarities between himself, and the assassin Sparafucile. The assassin uses his sword to stab people and Rigoletto uses his tongue to metaphorically do the same. ', 'rigoletto/Verdi-Rigoletto-9-Pari_siamo..._Deh_non_parlare_al_misero.pdf', 'duet', 9, 235, 233, 16);
INSERT INTO pieces (id, title, description, file_title, type, placement, next_id, prev_id, opera_id) VALUES (235, 'Signor nè principe io lo vorrei', '', 'rigoletto/Verdi-Rigoletto-10-Signor_nè_principe_io_lo_vorrei.pdf', 'duet', 10, 236, 234, 16);
INSERT INTO pieces (id, title, description, file_title, type, placement, next_id, prev_id, opera_id) VALUES (236, 'Caro nome che il mio cor', '', 'rigoletto/Verdi-Rigoletto-11-Caro_nome_che_il_mio_cor.pdf', 'aria', 11, 237, 235, 16);
INSERT INTO pieces (id, title, description, file_title, type, placement, next_id, prev_id, opera_id) VALUES (237, 'Zitti, zitti moviamo a vendetta', '', 'rigoletto/Verdi-Rigoletto-12-Zitti,_zitti_moviamo_a_vendetta.pdf', 'finale', 12, 238, 236, 16);
INSERT INTO pieces (id, title, description, file_title, type, placement, next_id, prev_id, opera_id) VALUES (238, 'Ella mi fu rapita... Parmi veder le lagrime', 'The Duke is worried because Gilda seems to have disappeared. He thinks she is stolen from him.', 'rigoletto/Verdi-Rigoletto-13-Ella_mi_fu_rapita..._Parmi_veder_le_lagrime.pdf', 'aria', 13, 239, 237, 16);
INSERT INTO pieces (id, title, description, file_title, type, placement, next_id, prev_id, opera_id) VALUES (239, 'Scorrendo uniti', 'The Duke''s servants enters, and tells the duke that they have captured Rigoletto''s mistress (though in fact she is his daughter). The Duke recognizes the captured woman as Gilda, and is overjoyous to have found her again.', 'rigoletto/Verdi-Rigoletto-14-Scorrendo_uniti.pdf', 'choir', 14, 240, 238, 16);
INSERT INTO pieces (id, title, description, file_title, type, placement, next_id, prev_id, opera_id) VALUES (240, 'Possente amor mi chiama', 'The Duke is happy to have found Gilda again.', 'rigoletto/Verdi-Rigoletto-15-Possente_amor_mi_chiama.pdf', 'aria', 15, 241, 239, 16);
INSERT INTO pieces (id, title, description, file_title, type, placement, next_id, prev_id, opera_id) VALUES (241, 'Povero Rigoletto... Cortigiani, vil razza dannata', '', 'rigoletto/Verdi-Rigoletto-16-Povero_Rigoletto..._Cortigiani,_vil_razza_dannata.pdf', 'aria', 16, 242, 240, 16);
INSERT INTO pieces (id, title, description, file_title, type, placement, next_id, prev_id, opera_id) VALUES (242, 'Mio padre', '', 'rigoletto/Verdi-Rigoletto-17-Mio_padre.pdf', 'choir', 17, 243, 241, 16);
INSERT INTO pieces (id, title, description, file_title, type, placement, next_id, prev_id, opera_id) VALUES (243, 'Tutte le feste al tempio... Si vendetta, tremenda vendetta', '', 'rigoletto/Verdi-Rigoletto-18-Tutte_le_feste_al_tempio..._Si_vendetta,_tremenda_vendetta.pdf', 'duet', 18, 244, 242, 16);
INSERT INTO pieces (id, title, description, file_title, type, placement, next_id, prev_id, opera_id) VALUES (244, 'E l''ami... La donna è mobile', '', 'rigoletto/Verdi-Rigoletto-19-E_l''ami..._La_donna_è_mobile.pdf', 'aria', 19, 245, 243, 16);
INSERT INTO pieces (id, title, description, file_title, type, placement, next_id, prev_id, opera_id) VALUES (245, 'Un di, se ben rammentomi... Bella figlia del''amore', '', 'rigoletto/Verdi-Rigoletto-20-Un_di,_se_ben_rammentomi..._Bella_figlia_del''amore.pdf', 'quartet', 20, 246, 244, 16);
INSERT INTO pieces (id, title, description, file_title, type, placement, next_id, prev_id, opera_id) VALUES (246, 'M''odi... Ritorna a casa', '', 'rigoletto/Verdi-Rigoletto-21-M''odi..._Ritorna_a_casa.pdf', 'recitativo', 21, 247, 245, 16);
INSERT INTO pieces (id, title, description, file_title, type, placement, next_id, prev_id, opera_id) VALUES (247, 'Ah più non ragiono... Somiglia un Apollo', '', 'rigoletto/Verdi-Rigoletto-22-Ah_più_non_ragiono..._Somiglia_un_Apollo.pdf', 'terzetto', 22, 248, 246, 16);
INSERT INTO pieces (id, title, description, file_title, type, placement, next_id, prev_id, opera_id) VALUES (248, 'Della vendetta alfin giunge l''istante', '', 'rigoletto/Verdi-Rigoletto-23-Della_vendetta_alfin_giunge_l''istante.pdf', 'recitativo', 23, 249, 247, 16);
INSERT INTO pieces (id, title, description, file_title, type, placement, next_id, prev_id, opera_id) VALUES (249, 'Chi è mai in sua vece... V''ho ingannato, colpevole fui', 'Rigoletto realizes that his assassin, Sparafucile, has not killed the Duke. He has instead kille Rigoletto''s daughter, Gilda. She sacrificed herself for the Duke, and shortly revives to sing the final duet of the Opera with her father, before dying.', 'rigoletto/Verdi-Rigoletto-24-Chi_è_mai_in_sua_vece.pdf', 'duet', 24, 272, 248, 16);
INSERT INTO pieces (id, title, description, file_title, type, placement, next_id, prev_id, opera_id) VALUES (250, 'Ouverture', 'The operetta starts with an ouverture', 'die_fledermaus/Strauss_II-Die_Fledermaus-1-Ouverture.pdf', 'ouverture', 1, 251, NULL, 17);
INSERT INTO pieces (id, title, description, file_title, type, placement, next_id, prev_id, opera_id) VALUES (251, 'Täubchen, das entflattert ist... Da schreibt meine Schwester Ida', 'Alfred sings a short aria, from outside the stage, trying to serenade Rosalinde. What he doesn''t know, is that Rosalinde isn''t the one listening, it is Adele. Adele then sings an aria and tells him off, while making a fool out of him', 'die_fledermaus/Strauss_II-Die_Fledermaus-2-Täubchen,_das_entflattert_ist..._Da_schreibt_meine_Schwester_Ida.pdf', 'aria', 2, 252, 250, 17);
INSERT INTO pieces (id, title, description, file_title, type, placement, next_id, prev_id, opera_id) VALUES (252, 'Ach, ich darf nicht hin zu dir', '', 'die_fledermaus/Strauss_II-Die_Fledermaus-3-Ach,_ich_darf_nicht_hin_zu_dir.pdf', 'duet', 3, 253, 251, 17);
INSERT INTO pieces (id, title, description, file_title, type, placement, next_id, prev_id, opera_id) VALUES (253, 'Nein, mit solchen Advocaten', '', 'die_fledermaus/Strauss_II-Die_Fledermaus-4-Nein,_mit_solchen_Advocaten.pdf', 'terzetto', 4, 254, 252, 17);
INSERT INTO pieces (id, title, description, file_title, type, placement, next_id, prev_id, opera_id) VALUES (254, 'Kom mit mir zum Souper', 'Falke arrives to invite Eisenstein to Orlofsky''s ball', 'die_fledermaus/Strauss_II-Die_Fledermaus-5-Kom_mit_mir_zum_Souper.pdf', 'duet', 5, 255, 253, 17);
INSERT INTO pieces (id, title, description, file_title, type, placement, next_id, prev_id, opera_id) VALUES (255, 'So muss allein ich bleiben', '', 'die_fledermaus/Strauss_II-Die_Fledermaus-6-So_muss_allein_ich_bleiben.pdf', 'terzetto', 6, 256, 254, 17);
INSERT INTO pieces (id, title, description, file_title, type, placement, next_id, prev_id, opera_id) VALUES (256, 'Trinke, Liebchen... Glücklich ist, wer vergisst', '', 'die_fledermaus/Strauss_II-Die_Fledermaus-7-Trinke,_Liebchen.pdf', 'duet', 7, 257, 255, 17);
INSERT INTO pieces (id, title, description, file_title, type, placement, next_id, prev_id, opera_id) VALUES (257, 'Herr, was dächten sie von mir', '', 'die_fledermaus/Strauss_II-Die_Fledermaus-8-Herr,_was_dächten_sie_von_mir.pdf', 'terzetto', 8, 258, 256, 17);
INSERT INTO pieces (id, title, description, file_title, type, placement, next_id, prev_id, opera_id) VALUES (258, 'Nein, nein, ich zweifle gar nicht mehr', '', 'die_fledermaus/Strauss_II-Die_Fledermaus-9-Nein,_nein,_ich_zweifle_gar_nicht_mehr.pdf', 'finale', 9, 259, 257, 17);
INSERT INTO pieces (id, title, description, file_title, type, placement, next_id, prev_id, opera_id) VALUES (259, 'Ein Souper heut'' uns winkt', '', 'die_fledermaus/Strauss_II-Die_Fledermaus-10-Ein_Souper_heut''_uns_winkt.pdf', 'choir', 10, 260, 258, 17);
INSERT INTO pieces (id, title, description, file_title, type, placement, next_id, prev_id, opera_id) VALUES (260, 'Ich lade gern mir Gäste ein', '', 'die_fledermaus/Strauss_II-Die_Fledermaus-11-Ich_lade_gern_mir_Gäste_ein.pdf', 'aria', 11, 261, 259, 17);
INSERT INTO pieces (id, title, description, file_title, type, placement, next_id, prev_id, opera_id) VALUES (261, 'Ach, meine Herrn und Damen', '', 'die_fledermaus/Strauss_II-Die_Fledermaus-12-Ach,_meine_Herrn_und_Damen.pdf', 'quartet', 12, 262, 260, 17);
INSERT INTO pieces (id, title, description, file_title, type, placement, next_id, prev_id, opera_id) VALUES (262, 'Mein Herr Marquis, ein Mann wie Sie', '', 'die_fledermaus/Strauss_II-Die_Fledermaus-13-Mein_Herr_Marquis,_ein_Mann_wie_Sie.pdf', 'aria', 13, 264, 261, 17);
INSERT INTO pieces (id, title, description, file_title, type, placement, next_id, prev_id, opera_id) VALUES (264, 'Dieser Anstand, so manierlich', '', 'die_fledermaus/Strauss_II-Die_Fledermaus-14-Dieser_Anstand,_so_manierlich.pdf', 'duet', 14, 265, 262, 17);
INSERT INTO pieces (id, title, description, file_title, type, placement, next_id, prev_id, opera_id) VALUES (265, 'Klänge der Heimath... Feuer, Lebenslust, schwellt ächte Ungarbrust', '', 'die_fledermaus/Strauss_II-Die_Fledermaus-15-Klänge_der_Heimath..._Feuer,_Lebenslust,_schwellt_ächte_Ungarbrust.pdf', 'aria', 15, 266, 264, 17);
INSERT INTO pieces (id, title, description, file_title, type, placement, next_id, prev_id, opera_id) VALUES (266, 'Im Feuerstrom der Reben... Brüderlein und Schwesterlein... Ha, welch ein Fest', '', 'die_fledermaus/Strauss_II-Die_Fledermaus-16-Im_Feuerstrom_der_Reben..._Brüderlein_und_Schwesterlein..._Ha,_welch_ein_Fest.pdf', 'finale', 16, 267, 265, 17);
INSERT INTO pieces (id, title, description, file_title, type, placement, next_id, prev_id, opera_id) VALUES (267, 'Entreact', '', 'die_fledermaus/Strauss_II-Die_Fledermaus-17-Entreact.pdf', 'intermezzo', 17, 268, 266, 17);
INSERT INTO pieces (id, title, description, file_title, type, placement, next_id, prev_id, opera_id) VALUES (268, 'Melodram... Die Majestät wird anerkannt', '', 'die_fledermaus/Strauss_II-Die_Fledermaus-18-Melodram..._Die_Majestät_wird_anerkannt.pdf', 'intermezzo', 18, 269, 267, 17);
INSERT INTO pieces (id, title, description, file_title, type, placement, next_id, prev_id, opera_id) VALUES (269, 'Spiel'' ich die Unschuld vom Lande', '', 'die_fledermaus/Strauss_II-Die_Fledermaus-19-Spiel''_ich_die_Unschuld_vom_Lande.pdf', 'aria', 19, 270, 268, 17);
INSERT INTO pieces (id, title, description, file_title, type, placement, next_id, prev_id, opera_id) VALUES (270, 'Ich stehe voll Zagen', '', 'die_fledermaus/Strauss_II-Die_Fledermaus-20-Ich_stehe_voll_Zagen.pdf', 'terzetto', 20, 271, 269, 17);
INSERT INTO pieces (id, title, description, file_title, type, placement, next_id, prev_id, opera_id) VALUES (271, 'O fledermaus', '', 'die_fledermaus/Strauss_II-Die_Fledermaus-21-O_fledermaus.pdf', 'finale', 21, 273, 270, 17);
INSERT INTO pieces (id, title, description, file_title, type, placement, next_id, prev_id, opera_id) VALUES (272, 'Rigoletto - Vocal Score', '', 'rigoletto/Verdi-Rigoletto-99-Rigoletto_-_Vocal_Score.pdf', 'score', 99, NULL, 249, 16);
INSERT INTO pieces (id, title, description, file_title, type, placement, next_id, prev_id, opera_id) VALUES (273, 'Die Fledermaus - Vocal Score', '', 'die_fledermaus/Strauss_II-Die_Fledermaus-99-Die_Fledermaus_-_Vocal_Score.pdf', 'score', 99, NULL, 271, 17);
INSERT INTO pieces (id, title, description, file_title, type, placement, next_id, prev_id, opera_id) VALUES (275, 'Ah, finalmente, nel terror mio stolto', '', 'tosca/Puccini-Tosca-1-Ah,_finalmente,_nel_terror_mio_stolto.pdf', 'recitativo', 1, 276, NULL, 18);
INSERT INTO pieces (id, title, description, file_title, type, placement, next_id, prev_id, opera_id) VALUES (276, 'E sempre lava... Angelus Domini', '', 'tosca/Puccini-Tosca-2-E_sempre_lava..._Angelus_Domini.pdf', 'recitativo', 2, 277, 275, 18);
INSERT INTO pieces (id, title, description, file_title, type, placement, next_id, prev_id, opera_id) VALUES (277, 'Dammi i colori... Recondita armonia', '', 'tosca/Puccini-Tosca-3-Dammi_i_colori..._Recondita_armonia.pdf', 'aria', 3, 278, 276, 18);
INSERT INTO pieces (id, title, description, file_title, type, placement, next_id, prev_id, opera_id) VALUES (278, 'Ma con quei cani', '', 'tosca/Puccini-Tosca-4-Ma_con_quei_cani.pdf', 'recitativo', 4, 279, 277, 18);
INSERT INTO pieces (id, title, description, file_title, type, placement, next_id, prev_id, opera_id) VALUES (279, 'Gente la dentro... Voi Cavaradossi', '', 'tosca/Puccini-Tosca-5-Gente_la_dentro..._Voi_Cavaradossi.pdf', 'duet', 5, 280, 278, 18);
INSERT INTO pieces (id, title, description, file_title, type, placement, next_id, prev_id, opera_id) VALUES (280, 'Mario, Mario, Mario... Son qui... Non la sospiri, la nostra casetta', '', 'tosca/Puccini-Tosca-6-Mario,_Mario,_Mario..._Son_qui..._Non_la_sospiri,_la_nostra_casetta.pdf', 'aria', 6, 281, 279, 18);
INSERT INTO pieces (id, title, description, file_title, type, placement, next_id, prev_id, opera_id) VALUES (281, 'Or lasciami al lavoro... Ah quegli occhi...', '', 'tosca/Puccini-Tosca-7-Or_lasciami_al_lavoro..._Ah_quegli_occhi....pdf', 'aria', 7, 282, 280, 18);
INSERT INTO pieces (id, title, description, file_title, type, placement, next_id, prev_id, opera_id) VALUES (282, 'E buona la mia Tosca', '', 'tosca/Puccini-Tosca-8-E_buona_la_mia_Tosca.pdf', 'duet', 8, 283, 281, 18);
INSERT INTO pieces (id, title, description, file_title, type, placement, next_id, prev_id, opera_id) VALUES (283, 'Tutta qui la cantoria... Presto...', '', 'tosca/Puccini-Tosca-9-Tutta_qui_la_cantoria..._Presto....pdf', 'choir', 9, 284, 282, 18);
INSERT INTO pieces (id, title, description, file_title, type, placement, next_id, prev_id, opera_id) VALUES (284, 'Un tal baccano in chiesa', '', 'tosca/Puccini-Tosca-10-Un_tal_baccano_in_chiesa.pdf', 'duet', 10, 285, 283, 18);
INSERT INTO pieces (id, title, description, file_title, type, placement, next_id, prev_id, opera_id) VALUES (285, 'Tosca... Che non mi veda', '', 'tosca/Puccini-Tosca-11-Tosca..._Che_non_mi_veda.pdf', 'duet', 11, 286, 284, 18);
INSERT INTO pieces (id, title, description, file_title, type, placement, next_id, prev_id, opera_id) VALUES (286, 'Tre sbirri... Te Deum... Tosca, mi fai dimenticare Iddio', '', 'tosca/Puccini-Tosca-12-Tre_sbirri..._Te_Deum..._Tosca,_mi_fai_dimenticare_Iddio.pdf', 'aria', 12, 287, 285, 18);
INSERT INTO pieces (id, title, description, file_title, type, placement, next_id, prev_id, opera_id) VALUES (287, 'Tosca e un buon falco', '', 'tosca/Puccini-Tosca-13-Tosca_e_un_buon_falco.pdf', 'aria', 13, 288, 286, 18);
INSERT INTO pieces (id, title, description, file_title, type, placement, next_id, prev_id, opera_id) VALUES (288, 'O galantuomo come ando la caccia', '', 'tosca/Puccini-Tosca-14-O_galantuomo_come_ando_la_caccia.pdf', 'recitativo', 14, 290, 287, 18);
INSERT INTO pieces (id, title, description, file_title, type, placement, next_id, prev_id, opera_id) VALUES (290, 'Sale ascende luman cantico... Ov''è Angelotti', '', 'tosca/Puccini-Tosca-15-Sale_ascende_luman_cantico..._Ov''è_Angelotti.pdf', 'terzetto', 15, 291, 288, 18);
INSERT INTO pieces (id, title, description, file_title, type, placement, next_id, prev_id, opera_id) VALUES (291, 'Ed or fra noi parliam da buoni amici', '', 'tosca/Puccini-Tosca-16-Ed_or_fra_noi_parliam_da_buoni_amici.pdf', 'recitativo', 16, 292, 290, 18);
INSERT INTO pieces (id, title, description, file_title, type, placement, next_id, prev_id, opera_id) VALUES (292, 'Orsu Tosca parlate', '', 'tosca/Puccini-Tosca-17-Orsu_Tosca_parlate.pdf', 'duet', 17, 293, 291, 18);
INSERT INTO pieces (id, title, description, file_title, type, placement, next_id, prev_id, opera_id) VALUES (293, 'Nel pozzo nel giardino...', '', 'tosca/Puccini-Tosca-18-Nel_pozzo_nel_giardino....pdf', 'recitativo', 18, 294, 292, 18);
INSERT INTO pieces (id, title, description, file_title, type, placement, next_id, prev_id, opera_id) VALUES (294, 'Floria... Amore', '', 'tosca/Puccini-Tosca-19-Floria..._Amore.pdf', 'recitativo', 19, 295, 293, 18);
INSERT INTO pieces (id, title, description, file_title, type, placement, next_id, prev_id, opera_id) VALUES (295, 'Vittoria... L''alba vindice', '', 'tosca/Puccini-Tosca-20-Vittoria..._L''alba_vindice.pdf', 'terzetto', 20, 296, 294, 18);
INSERT INTO pieces (id, title, description, file_title, type, placement, next_id, prev_id, opera_id) VALUES (296, 'Quanto... Il prezzo... Già, mi dicon venal', '', 'tosca/Puccini-Tosca-21-Quanto..._Il_prezzo..._Già,_mi_dicon_venal.pdf', 'duet', 21, 297, 295, 18);
INSERT INTO pieces (id, title, description, file_title, type, placement, next_id, prev_id, opera_id) VALUES (297, 'Vissi d''arte, vissi d''amore', '', 'tosca/Puccini-Tosca-22-Vissi_d''arte,_vissi_d''amore.pdf', 'aria', 22, 298, 296, 18);
INSERT INTO pieces (id, title, description, file_title, type, placement, next_id, prev_id, opera_id) VALUES (298, 'Vedi le man giunte io stendo a te', '', 'tosca/Puccini-Tosca-23-Vedi_le_man_giunte_io_stendo_a_te.pdf', 'terzetto', 23, 299, 297, 18);
INSERT INTO pieces (id, title, description, file_title, type, placement, next_id, prev_id, opera_id) VALUES (299, 'E qual via scegliete...', '', 'tosca/Puccini-Tosca-24-E_qual_via_scegliete....pdf', 'recitativo', 24, 300, 298, 18);
INSERT INTO pieces (id, title, description, file_title, type, placement, next_id, prev_id, opera_id) VALUES (300, 'Tosca finalmente mia', '', 'tosca/Puccini-Tosca-25-Tosca_finalmente_mia.pdf', 'duet', 25, 301, 299, 18);
INSERT INTO pieces (id, title, description, file_title, type, placement, next_id, prev_id, opera_id) VALUES (301, 'Ouverture - Act 3', '', 'tosca/Puccini-Tosca-26-Ouverture_-_Act_3.pdf', 'ouverture', 26, 302, 300, 18);
INSERT INTO pieces (id, title, description, file_title, type, placement, next_id, prev_id, opera_id) VALUES (302, 'Io de'' sospiri', 'A young sheperds sings a small aria from offstage.', 'tosca/Puccini-Tosca-27-Io_de''_sospiri.pdf', 'aria', 27, 303, 301, 18);
INSERT INTO pieces (id, title, description, file_title, type, placement, next_id, prev_id, opera_id) VALUES (303, 'Intermezzo', '', 'tosca/Puccini-Tosca-28-Intermezzo.pdf', 'intermezzo', 28, 304, 302, 18);
INSERT INTO pieces (id, title, description, file_title, type, placement, next_id, prev_id, opera_id) VALUES (304, 'Mario Cavaradossi... A voi', 'The jailor informs Cavaradossi that he has an hour left to live and offers to let him speak to a priest. Cavaradossi declines, and starts writing a letter to Tosca', 'tosca/Puccini-Tosca-29-Mario_Cavaradossi..._A_voi.pdf', 'recitativo', 29, 305, 303, 18);
INSERT INTO pieces (id, title, description, file_title, type, placement, next_id, prev_id, opera_id) VALUES (305, 'E lucevan le stelle', 'Knowing that he will soon die, Cavaradossi sings about his memories of Tosca. Life has never been been more precious to him than now.', 'tosca/Puccini-Tosca-30-E_lucevan_le_stelle.pdf', 'aria', 30, 306, 304, 18);
INSERT INTO pieces (id, title, description, file_title, type, placement, next_id, prev_id, opera_id) VALUES (306, 'Franchigia a Floria Tosca... O dolci mani... E non giungono... Come è lunga... Presto, su, Mario', 'The end of the opera, Mario Cavaradossi is executed, and Floria Tosca kills herself.', 'tosca/Puccini-Tosca-31-Franchigia_a_Floria_Tosca..._O_dolci_mani..._E_non_giungono..._Come_è_lunga..._Presto,_su,_Mario.pdf', 'finale', 31, 307, 305, 18);
INSERT INTO pieces (id, title, description, file_title, type, placement, next_id, prev_id, opera_id) VALUES (307, 'Tosca - Vocal Score', '', 'tosca/Puccini-Tosca-99-Tosca_-_Vocal_Score.pdf', 'score', 99, NULL, 306, 18);
INSERT INTO pieces (id, title, description, file_title, type, placement, next_id, prev_id, opera_id) VALUES (308, 'Prologue - Si puo', 'Tonio present the show', 'pagliacci/Leoncavallo-Pagliacci-1-Prologue_-_Si_puo.pdf', 'aria', 1, 309, NULL, 19);
INSERT INTO pieces (id, title, description, file_title, type, placement, next_id, prev_id, opera_id) VALUES (309, 'Son qua', 'The people sees the commedia dell''arte troupe entering the village.', 'pagliacci/Leoncavallo-Pagliacci-2-Son_qua.pdf', 'choir', 2, 310, 308, 19);
INSERT INTO pieces (id, title, description, file_title, type, placement, next_id, prev_id, opera_id) VALUES (310, 'Un tal gioco', 'Canio, who plays the role of Pagliacci, describes the show of the evening.', 'pagliacci/Leoncavallo-Pagliacci-3-Un_tal_gioco.pdf', 'aria', 3, 311, 309, 19);
INSERT INTO pieces (id, title, description, file_title, type, placement, next_id, prev_id, opera_id) VALUES (311, 'I zampognari', '', 'pagliacci/Leoncavallo-Pagliacci-4-I_zampognari.pdf', 'choir', 4, 312, 310, 19);
INSERT INTO pieces (id, title, description, file_title, type, placement, next_id, prev_id, opera_id) VALUES (312, 'Qual fiamma avea nel guardo... Stridono lassù', 'Canio frightens Nedda, but she is comforted by birdsong', 'pagliacci/Leoncavallo-Pagliacci-5-Qual_fiamma_avea_nel_guardo..._Stridono_lassù.pdf', 'aria', 5, 313, 311, 19);
INSERT INTO pieces (id, title, description, file_title, type, placement, next_id, prev_id, opera_id) VALUES (313, 'Sei là... So ben che diforme', 'Tonio tells Nedda that he loves her, but she only laughs at him in return', 'pagliacci/Leoncavallo-Pagliacci-6-Sei_là..._So_ben_che_diforme.pdf', 'duet', 6, 315, 312, 19);
INSERT INTO pieces (id, title, description, file_title, type, placement, next_id, prev_id, opera_id) VALUES (315, 'Silvio, a quest ora... Decidi il mio destin...', 'Nedda talks with her lover Silvio and they agree to elope, and that she will leave Canio. Tonio overhears them and decides to tell Canio.', 'pagliacci/Leoncavallo-Pagliacci-8-Silvio,_a_quest_ora..._Decidi_il_mio_destin....pdf', 'duet', 7, 316, 313, 19);
INSERT INTO pieces (id, title, description, file_title, type, placement, next_id, prev_id, opera_id) VALUES (316, 'Aiutalo, Signor', 'Canio finds Silvio and Nedda together, but Silvio manages to escape before Canio sees who he is. Canio threatens Nedda with a knife and wants her to tell him who the lover is. Beppe disarms Canio, and tells them they have a show to do.', 'pagliacci/Leoncavallo-Pagliacci-8-Aiutalo,_Signor.pdf', 'quartet', 8, 317, 315, 19);
INSERT INTO pieces (id, title, description, file_title, type, placement, next_id, prev_id, opera_id) VALUES (317, 'Vesti la giubba', 'Canio is heartbroken, and alone. He dresses up for the show tonight, and prepares himself to laugh.', 'pagliacci/Leoncavallo-Pagliacci-9-Vesti_la_giubba.pdf', 'aria', 9, 318, 316, 19);
INSERT INTO pieces (id, title, description, file_title, type, placement, next_id, prev_id, opera_id) VALUES (318, 'Intermezzo', '', 'pagliacci/Leoncavallo-Pagliacci-10-Intermezzo.pdf', 'intermezzo', 10, 319, 317, 19);
INSERT INTO pieces (id, title, description, file_title, type, placement, next_id, prev_id, opera_id) VALUES (319, 'Presto affrettiamoci', '', 'pagliacci/Leoncavallo-Pagliacci-11-Presto_affrettiamoci.pdf', 'choir', 11, 320, 318, 19);
INSERT INTO pieces (id, title, description, file_title, type, placement, next_id, prev_id, opera_id) VALUES (320, 'Pagliaccio mio marito', '', 'pagliacci/Leoncavallo-Pagliacci-12-Pagliaccio_mio_marito.pdf', 'aria', 12, 321, 319, 19);
INSERT INTO pieces (id, title, description, file_title, type, placement, next_id, prev_id, opera_id) VALUES (321, 'O Colombina, il tenero fido Arlecchin è a te vicin', '', 'pagliacci/Leoncavallo-Pagliacci-13-O_Colombina,_il_tenero_fido_Arlecchin_è_a_te_vicin.pdf', 'aria', 13, 322, 320, 19);
INSERT INTO pieces (id, title, description, file_title, type, placement, next_id, prev_id, opera_id) VALUES (322, 'È dessa... Dei, come è bella', '', 'pagliacci/Leoncavallo-Pagliacci-14-È_dessa..._Dei,_come_è_bella.pdf', 'aria', 14, 323, 321, 19);
INSERT INTO pieces (id, title, description, file_title, type, placement, next_id, prev_id, opera_id) VALUES (323, 'Arlecchin... Columbina... Alfin s''arrenda', '', 'pagliacci/Leoncavallo-Pagliacci-15-Arlecchin..._Columbina..._Alfin_s''arrenda.pdf', 'aria', 15, 324, 322, 19);
INSERT INTO pieces (id, title, description, file_title, type, placement, next_id, prev_id, opera_id) VALUES (324, 'Nome di Dio, quelle stesse parole... No, Pagliaccio non son', 'Canio hears Nedda saying the same words, that she told Silvio in the first act. He becomes furious and demands to know the lover''s name. She refuses, and tries to remind him they are still in a play. Canio doesn''t listen but becomes even more angry. He then stabs Nedda, and she dies. Silvio tries to protect her but also he gets murdered by the furious Canio. The opera ends with the words, the comedy is over.', 'pagliacci/Leoncavallo-Pagliacci-16-Nome_di_Dio,_quelle_stesse_parole..._No,_Pagliaccio_non_son.pdf', 'finale', 16, 325, 323, 19);
INSERT INTO pieces (id, title, description, file_title, type, placement, next_id, prev_id, opera_id) VALUES (325, 'Pagliacci - Vocal score', '', 'pagliacci/Leoncavallo-Pagliacci-99-Pagliacci_-_Vocal_score.pdf', 'score', 99, NULL, 324, 19);
INSERT INTO pieces (id, title, description, file_title, type, placement, next_id, prev_id, opera_id) VALUES (340, 'Ouverture', '', 'fidelio/Beethoven-Fidelio-1-Ouverture.pdf', 'ouverture', 1, 341, NULL, 21);
INSERT INTO pieces (id, title, description, file_title, type, placement, next_id, prev_id, opera_id) VALUES (341, 'Jetzt, Schätzchen, jetzt sind wir allein', '', 'fidelio/Beethoven-Fidelio-2-Jetzt,_Schätzchen,_jetzt_sind_wir_allein.pdf', 'duet', 2, 342, 340, 21);
INSERT INTO pieces (id, title, description, file_title, type, placement, next_id, prev_id, opera_id) VALUES (342, 'O wär ich schon mit dir vereint', '', 'fidelio/Beethoven-Fidelio-3-O_wär_ich_schon_mit_dir_vereint.pdf', 'aria', 3, 343, 341, 21);
INSERT INTO pieces (id, title, description, file_title, type, placement, next_id, prev_id, opera_id) VALUES (343, 'Mir ist so wunderbar', '', 'fidelio/Beethoven-Fidelio-4-Mir_ist_so_wunderbar.pdf', 'quartet', 4, 344, 342, 21);
INSERT INTO pieces (id, title, description, file_title, type, placement, next_id, prev_id, opera_id) VALUES (344, 'Hat man nicht auch Gold beineben', '', 'fidelio/Beethoven-Fidelio-5-Hat_man_nicht_auch_Gold_beineben.pdf', 'aria', 5, 345, 343, 21);
INSERT INTO pieces (id, title, description, file_title, type, placement, next_id, prev_id, opera_id) VALUES (345, 'Gut, Söhnchen, gut hab immer Mut', '', 'fidelio/Beethoven-Fidelio-6-Gut,_Söhnchen,_gut_hab_immer_Mut.pdf', 'terzetto', 6, 346, 344, 21);
INSERT INTO pieces (id, title, description, file_title, type, placement, next_id, prev_id, opera_id) VALUES (346, 'Marsch', '', 'fidelio/Beethoven-Fidelio-7-Marsch.pdf', 'intermezzo', 7, 347, 345, 21);
INSERT INTO pieces (id, title, description, file_title, type, placement, next_id, prev_id, opera_id) VALUES (347, 'Ha, welch ein Augenblick', '', 'fidelio/Beethoven-Fidelio-8-Ha,_welch_ein_Augenblick.pdf', 'aria', 8, 348, 346, 21);
INSERT INTO pieces (id, title, description, file_title, type, placement, next_id, prev_id, opera_id) VALUES (348, 'Jetzt, Alter, jetzt hat es Eile', '', 'fidelio/Beethoven-Fidelio-9-Jetzt,_Alter,_jetzt_hat_es_Eile.pdf', 'duet', 9, 349, 347, 21);
INSERT INTO pieces (id, title, description, file_title, type, placement, next_id, prev_id, opera_id) VALUES (349, 'Abscheulicher, wo eilst du hin', '', 'fidelio/Beethoven-Fidelio-10-Abscheulicher,_wo_eilst_du_hin.pdf', 'aria', 10, 350, 348, 21);
INSERT INTO pieces (id, title, description, file_title, type, placement, next_id, prev_id, opera_id) VALUES (350, 'O welche Lust, in freier Luft', '', 'fidelio/Beethoven-Fidelio-11-O_welche_Lust,_in_freier_Luft.pdf', 'finale', 11, 351, 349, 21);
INSERT INTO pieces (id, title, description, file_title, type, placement, next_id, prev_id, opera_id) VALUES (351, 'Gott, welch Dunkel hier', '', 'fidelio/Beethoven-Fidelio-12-Gott,_welch_Dunkel_hier.pdf', 'aria', 12, 352, 350, 21);
INSERT INTO pieces (id, title, description, file_title, type, placement, next_id, prev_id, opera_id) VALUES (352, 'Nur hurtig fort, nur frisch gegraben', '', 'fidelio/Beethoven-Fidelio-13-Nur_hurtig_fort,_nur_frisch_gegraben.pdf', 'duet', 13, 353, 351, 21);
INSERT INTO pieces (id, title, description, file_title, type, placement, next_id, prev_id, opera_id) VALUES (353, 'Euch werde Lohn in bessern Welten', '', 'fidelio/Beethoven-Fidelio-14-Euch_werde_Lohn_in_bessern_Welten.pdf', 'terzetto', 14, 354, 352, 21);
INSERT INTO pieces (id, title, description, file_title, type, placement, next_id, prev_id, opera_id) VALUES (354, 'Er sterbe, doch er soll erst wissen', '', 'fidelio/Beethoven-Fidelio-15-Er_sterbe,_doch_er_soll_erst_wissen.pdf', 'quartet', 15, 355, 353, 21);
INSERT INTO pieces (id, title, description, file_title, type, placement, next_id, prev_id, opera_id) VALUES (355, 'O namenlose Freude', '', 'fidelio/Beethoven-Fidelio-16-O_namenlose_Freude.pdf', 'duet', 16, 356, 354, 21);
INSERT INTO pieces (id, title, description, file_title, type, placement, next_id, prev_id, opera_id) VALUES (356, 'Heil sei dem Tag, Heil sei der Stunde', '', 'fidelio/Beethoven-Fidelio-17-Heil_sei_dem_Tag,_Heil_sei_der_Stunde.pdf', 'finale', 17, 357, 355, 21);
INSERT INTO pieces (id, title, description, file_title, type, placement, next_id, prev_id, opera_id) VALUES (357, 'Fidelio - Vocal score', '', 'fidelio/Beethoven-Fidelio-99-Fidelio_-_Vocal_score.pdf', 'score', 99, NULL, 356, 21);
INSERT INTO pieces (id, title, description, file_title, type, placement, next_id, prev_id, opera_id) VALUES (358, 'Su cacciator', '', 'don_carlos/Verdi-Don_Carlos-1-Su_cacciator.pdf', 'choir', 1, 359, NULL, 22);
INSERT INTO pieces (id, title, description, file_title, type, placement, next_id, prev_id, opera_id) VALUES (359, 'Fontainbleau... Io la vidie al suo sorriso', '', 'don_carlos/Verdi-Don_Carlos-2-Fontainbleau..._Io_la_vidie_al_suo_sorriso.pdf', 'aria', 2, 360, 358, 22);
INSERT INTO pieces (id, title, description, file_title, type, placement, next_id, prev_id, opera_id) VALUES (360, 'Il Suon Del Corno Alfin Nel Bosco Tace', '', 'don_carlos/Verdi-Don_Carlos-3-Il_Suon_Del_Corno_Alfin_Nel_Bosco_Tace.pdf', 'recitativo', 3, 361, 359, 22);
INSERT INTO pieces (id, title, description, file_title, type, placement, next_id, prev_id, opera_id) VALUES (361, 'Al mio piè perchè ...  Di qual amor, di quant''ardor', '', 'don_carlos/Verdi-Don_Carlos-4-Al_mio_piè_perchè_...__Di_qual_amor,_di_quant''ardor.pdf', 'duet', 4, 362, 360, 22);
INSERT INTO pieces (id, title, description, file_title, type, placement, next_id, prev_id, opera_id) VALUES (362, 'Inni di festa lieta', '', 'don_carlos/Verdi-Don_Carlos-5-Inni_di_festa_lieta.pdf', 'finale', 5, 363, 361, 22);
INSERT INTO pieces (id, title, description, file_title, type, placement, next_id, prev_id, opera_id) VALUES (363, 'Carlo il sommo imperatore... Ei voleva regnare', '', 'don_carlos/Verdi-Don_Carlos-6-Carlo_il_sommo_imperatore..._Ei_voleva_regnare.pdf', 'aria', 6, 364, 362, 22);
INSERT INTO pieces (id, title, description, file_title, type, placement, next_id, prev_id, opera_id) VALUES (364, 'Al chiostro di San Giusto', '', 'don_carlos/Verdi-Don_Carlos-7-Al_chiostro_di_San_Giusto.pdf', 'recitativo', 7, 365, 363, 22);
INSERT INTO pieces (id, title, description, file_title, type, placement, next_id, prev_id, opera_id) VALUES (365, 'È lui, desso, l''infante... Dio che nell''alma', '', 'don_carlos/Verdi-Don_Carlos-8-È_lui,_desso,_l''infante..._Dio_che_nell''alma.pdf', 'duet', 8, 366, 364, 22);
INSERT INTO pieces (id, title, description, file_title, type, placement, next_id, prev_id, opera_id) VALUES (366, 'Sotto ai folti... Di mille fior...', '', 'don_carlos/Verdi-Don_Carlos-9-Sotto_ai_folti..._Di_mille_fior....pdf', 'duet', 9, 367, 365, 22);
INSERT INTO pieces (id, title, description, file_title, type, placement, next_id, prev_id, opera_id) VALUES (367, 'Nei giardin del bello', '', 'don_carlos/Verdi-Don_Carlos-10-Nei_giardin_del_bello.pdf', 'aria', 10, 369, 366, 22);
INSERT INTO pieces (id, title, description, file_title, type, placement, next_id, prev_id, opera_id) VALUES (369, 'Un''arcana mestizia... Carlo ch''è sol il nostro amore', '', 'don_carlos/Verdi-Don_Carlos-11-Un''arcana_mestizia..._Carlo_ch''è_sol_il_nostro_amore.pdf', 'terzetto', 11, 370, 367, 22);
INSERT INTO pieces (id, title, description, file_title, type, placement, next_id, prev_id, opera_id) VALUES (370, 'Io vengo a domandar... Prence, se vuol', '', 'don_carlos/Verdi-Don_Carlos-12-Io_vengo_a_domandar..._Prence,_se_vuol.pdf', 'duet', 12, 371, 369, 22);
INSERT INTO pieces (id, title, description, file_title, type, placement, next_id, prev_id, opera_id) VALUES (371, 'Perchè sola è la Regina', '', 'don_carlos/Verdi-Don_Carlos-13-Perchè_sola_è_la_Regina.pdf', 'recitativo', 13, 372, 370, 22);
INSERT INTO pieces (id, title, description, file_title, type, placement, next_id, prev_id, opera_id) VALUES (372, 'Non pianger mia compagna', '', 'don_carlos/Verdi-Don_Carlos-14-Non_pianger_mia_compagna.pdf', 'aria', 14, 373, 371, 22);
INSERT INTO pieces (id, title, description, file_title, type, placement, next_id, prev_id, opera_id) VALUES (373, 'Restate, presso alla... O signor, di Fiandra arrivo', '', 'don_carlos/Verdi-Don_Carlos-15-Restate,_presso_alla..._O_signor,_di_Fiandra_arrivo.pdf', 'duet', 15, 374, 372, 22);
INSERT INTO pieces (id, title, description, file_title, type, placement, next_id, prev_id, opera_id) VALUES (374, 'Preludio - Act 3', '', 'don_carlos/Verdi-Don_Carlos-16-Preludio_-_Act_3.pdf', 'intermezzo', 16, 375, 373, 22);
INSERT INTO pieces (id, title, description, file_title, type, placement, next_id, prev_id, opera_id) VALUES (375, 'A mezzanotte... Sei tu, bell''adorata... Trema per te...', '', 'don_carlos/Verdi-Don_Carlos-17-A_mezzanotte..._Sei_tu,_bell''adorata..._Trema_per_te....pdf', 'terzetto', 17, 376, 374, 22);
INSERT INTO pieces (id, title, description, file_title, type, placement, next_id, prev_id, opera_id) VALUES (376, 'Spuntato ecco... Nel posar sul mio capo... Sire, egli è', '', 'don_carlos/Verdi-Don_Carlos-18-Spuntato_ecco..._Nel_posar_sul_mio_capo..._Sire,_egli_è.pdf', 'finale', 18, 377, 375, 22);
INSERT INTO pieces (id, title, description, file_title, type, placement, next_id, prev_id, opera_id) VALUES (377, 'Ella giammai m''amo... Dormirò sol', '', 'don_carlos/Verdi-Don_Carlos-19-Ella_giammai_m''amo..._Dormirò_sol.pdf', 'aria', 19, 378, 376, 22);
INSERT INTO pieces (id, title, description, file_title, type, placement, next_id, prev_id, opera_id) VALUES (378, 'Il Grand''Inquisitor... Nel''ispano suol', '', 'don_carlos/Verdi-Don_Carlos-20-Il_Grand''Inquisitor..._Nel''ispano_suol.pdf', 'duet', 20, 379, 377, 22);
INSERT INTO pieces (id, title, description, file_title, type, placement, next_id, prev_id, opera_id) VALUES (379, 'Giustizia, Sire...', '', 'don_carlos/Verdi-Don_Carlos-21-Giustizia,_Sire....pdf', 'quartet', 21, 380, 378, 22);
INSERT INTO pieces (id, title, description, file_title, type, placement, next_id, prev_id, opera_id) VALUES (380, 'Pietà, perdon... O don fatale', '', 'don_carlos/Verdi-Don_Carlos-22-Pietà,_perdon..._O_don_fatale.pdf', 'aria', 22, 381, 379, 22);
INSERT INTO pieces (id, title, description, file_title, type, placement, next_id, prev_id, opera_id) VALUES (381, 'Per me giunto... Io morrò, ma lieto in core', '', 'don_carlos/Verdi-Don_Carlos-23-Per_me_giunto..._Io_morrò,_ma_lieto_in_core.pdf', 'aria', 23, 382, 380, 22);
INSERT INTO pieces (id, title, description, file_title, type, placement, next_id, prev_id, opera_id) VALUES (382, 'Ciel suona a stormo', '', 'don_carlos/Verdi-Don_Carlos-24-Ciel_suona_a_stormo.pdf', 'choir', 24, 383, 381, 22);
INSERT INTO pieces (id, title, description, file_title, type, placement, next_id, prev_id, opera_id) VALUES (383, 'Tu che le vanità...', '', 'don_carlos/Verdi-Don_Carlos-25-Tu_che_le_vanità....pdf', 'aria', 25, 384, 382, 22);
INSERT INTO pieces (id, title, description, file_title, type, placement, next_id, prev_id, opera_id) VALUES (384, 'È dessa, un detto, un sol, al ciel io raccomando', '', 'don_carlos/Verdi-Don_Carlos-26-È_dessa,_un_detto,_un_sol,_al_ciel_io_raccomando.pdf', 'finale', 26, 385, 383, 22);
INSERT INTO pieces (id, title, description, file_title, type, placement, next_id, prev_id, opera_id) VALUES (385, 'Don Carlos - Vocal score', '', 'don_carlos/Verdi-Don_Carlos-99-Don_Carlos_-_Vocal_score.pdf', 'score', 99, NULL, 384, 22);
INSERT INTO pieces (id, title, description, file_title, type, placement, next_id, prev_id, opera_id) VALUES (386, 'Anna Bolena - Vocal score', '', 'anna_bolena/Donizetti-Anna_Bolena-99-Anna_Bolena_-_Vocal_score.pdf', 'score', 99, NULL, 405, 23);
INSERT INTO pieces (id, title, description, file_title, type, placement, next_id, prev_id, opera_id) VALUES (387, 'Sinfonia', '', 'anna_bolena/Donizetti-Anna_Bolena-1-Sinfonia.pdf', 'ouverture', 1, 388, NULL, 23);
INSERT INTO pieces (id, title, description, file_title, type, placement, next_id, prev_id, opera_id) VALUES (388, 'Nè venne il Re', '', 'anna_bolena/Donizetti-Anna_Bolena-2-Nè_venne_il_Re.pdf', 'choir', 2, 389, 387, 23);
INSERT INTO pieces (id, title, description, file_title, type, placement, next_id, prev_id, opera_id) VALUES (389, 'Ella di me, sollecita', '', 'anna_bolena/Donizetti-Anna_Bolena-3-Ella_di_me,_sollecita.pdf', 'aria', 3, 390, 388, 23);
INSERT INTO pieces (id, title, description, file_title, type, placement, next_id, prev_id, opera_id) VALUES (390, 'Deh, non voler costringere', '', 'anna_bolena/Donizetti-Anna_Bolena-4-Deh,_non_voler_costringere.pdf', 'aria', 4, 391, 389, 23);
INSERT INTO pieces (id, title, description, file_title, type, placement, next_id, prev_id, opera_id) VALUES (391, 'Come innocente giovane', '', 'anna_bolena/Donizetti-Anna_Bolena-5-Come_innocente_giovane.pdf', 'aria', 5, 392, 390, 23);
INSERT INTO pieces (id, title, description, file_title, type, placement, next_id, prev_id, opera_id) VALUES (392, 'Fama, si l''avrete', '', 'anna_bolena/Donizetti-Anna_Bolena-6-Fama,_si_l''avrete.pdf', 'duet', 6, 393, 391, 23);
INSERT INTO pieces (id, title, description, file_title, type, placement, next_id, prev_id, opera_id) VALUES (393, 'Da quel dì che lei perduta', '', 'anna_bolena/Donizetti-Anna_Bolena-7-Da_quel_dì_che_lei_perduta.pdf', 'aria', 7, 394, 392, 23);
INSERT INTO pieces (id, title, description, file_title, type, placement, next_id, prev_id, opera_id) VALUES (394, 'Voi Regina, è fia pur vero', '', 'anna_bolena/Donizetti-Anna_Bolena-8-Voi_Regina,_è_fia_pur_vero.pdf', 'quintet', 8, 395, 393, 23);
INSERT INTO pieces (id, title, description, file_title, type, placement, next_id, prev_id, opera_id) VALUES (395, 'Ah, parea che per incanto', '', 'anna_bolena/Donizetti-Anna_Bolena-9-Ah,_parea_che_per_incanto.pdf', 'aria', 9, 396, 394, 23);
INSERT INTO pieces (id, title, description, file_title, type, placement, next_id, prev_id, opera_id) VALUES (396, 'S''ei t''abborre io t''amo ancora', '', 'anna_bolena/Donizetti-Anna_Bolena-10-S''ei_t''abborre_io_t''amo_ancora.pdf', 'finale', 10, 397, 395, 23);
INSERT INTO pieces (id, title, description, file_title, type, placement, next_id, prev_id, opera_id) VALUES (397, 'Oh, dove mai ne andarono', '', 'anna_bolena/Donizetti-Anna_Bolena-11-Oh,_dove_mai_ne_andarono.pdf', 'choir', 11, 399, 396, 23);
INSERT INTO pieces (id, title, description, file_title, type, placement, next_id, prev_id, opera_id) VALUES (399, 'Sul suo capo aggravi un Dio', '', 'anna_bolena/Donizetti-Anna_Bolena-12-Sul_suo_capo_aggravi_un_Dio.pdf', 'duet', 12, 400, 397, 23);
INSERT INTO pieces (id, title, description, file_title, type, placement, next_id, prev_id, opera_id) VALUES (400, 'Ambo, morrete, o perfidi', '', 'anna_bolena/Donizetti-Anna_Bolena-13-Ambo,_morrete,_o_perfidi.pdf', 'terzetto', 13, 401, 399, 23);
INSERT INTO pieces (id, title, description, file_title, type, placement, next_id, prev_id, opera_id) VALUES (401, 'Per questa fiamma indomita', '', 'anna_bolena/Donizetti-Anna_Bolena-14-Per_questa_fiamma_indomita.pdf', 'aria', 14, 403, 400, 23);
INSERT INTO pieces (id, title, description, file_title, type, placement, next_id, prev_id, opera_id) VALUES (403, 'Vivi tu, te ne scongiuro', '', 'anna_bolena/Donizetti-Anna_Bolena-15-Vivi_tu,_te_ne_scongiuro.pdf', 'aria', 15, 404, 401, 23);
INSERT INTO pieces (id, title, description, file_title, type, placement, next_id, prev_id, opera_id) VALUES (404, 'Chi può vederla a ciglio asciutto', '', 'anna_bolena/Donizetti-Anna_Bolena-16-Chi_può_vederla_a_ciglio_asciutto.pdf', 'choir', 16, 405, 403, 23);
INSERT INTO pieces (id, title, description, file_title, type, placement, next_id, prev_id, opera_id) VALUES (405, 'Al dolce guidami castel natio', '', 'anna_bolena/Donizetti-Anna_Bolena-17-Al_dolce_guidami_castel_natio.pdf', 'finale', 17, 386, 404, 23);
INSERT INTO pieces (id, title, description, file_title, type, placement, next_id, prev_id, opera_id) VALUES (406, 'Ouverture', '', 'così_fan_tutte/Mozart-Così_fan_tutte-1-Ouverture.pdf', 'ouverture', 1, 407, NULL, 24);
INSERT INTO pieces (id, title, description, file_title, type, placement, next_id, prev_id, opera_id) VALUES (407, 'La mia Dorabella', '', 'così_fan_tutte/Mozart-Così_fan_tutte-2-La_mia_Dorabella.pdf', 'terzetto', 2, 408, 406, 24);
INSERT INTO pieces (id, title, description, file_title, type, placement, next_id, prev_id, opera_id) VALUES (408, 'Fuor la spada', '', 'così_fan_tutte/Mozart-Così_fan_tutte-3-Fuor_la_spada.pdf', 'recitativo', 3, 409, 407, 24);
INSERT INTO pieces (id, title, description, file_title, type, placement, next_id, prev_id, opera_id) VALUES (409, 'E'' la fede delle femmine', '', 'così_fan_tutte/Mozart-Così_fan_tutte-4-E''_la_fede_delle_femmine.pdf', 'terzetto', 4, 410, 408, 24);
INSERT INTO pieces (id, title, description, file_title, type, placement, next_id, prev_id, opera_id) VALUES (410, 'Scioccherie di Poeti', '', 'così_fan_tutte/Mozart-Così_fan_tutte-5-Scioccherie_di_Poeti.pdf', 'recitativo', 5, 411, 409, 24);
INSERT INTO pieces (id, title, description, file_title, type, placement, next_id, prev_id, opera_id) VALUES (411, 'Una bella serenata', '', 'così_fan_tutte/Mozart-Così_fan_tutte-6-Una_bella_serenata.pdf', 'terzetto', 6, 412, 410, 24);
INSERT INTO pieces (id, title, description, file_title, type, placement, next_id, prev_id, opera_id) VALUES (412, 'Ah, guarda, sorella', '', 'così_fan_tutte/Mozart-Così_fan_tutte-7-Ah,_guarda,_sorella.pdf', 'duet', 7, 413, 411, 24);
INSERT INTO pieces (id, title, description, file_title, type, placement, next_id, prev_id, opera_id) VALUES (413, 'Mi par che stamattina', '', 'così_fan_tutte/Mozart-Così_fan_tutte-8-Mi_par_che_stamattina.pdf', 'recitativo', 8, 414, 412, 24);
INSERT INTO pieces (id, title, description, file_title, type, placement, next_id, prev_id, opera_id) VALUES (414, 'Vorrei dir', '', 'così_fan_tutte/Mozart-Così_fan_tutte-9-Vorrei_dir.pdf', 'aria', 9, 415, 413, 24);
INSERT INTO pieces (id, title, description, file_title, type, placement, next_id, prev_id, opera_id) VALUES (415, 'Stelle per carità', '', 'così_fan_tutte/Mozart-Così_fan_tutte-10-Stelle_per_carità.pdf', 'recitativo', 10, 416, 414, 24);
INSERT INTO pieces (id, title, description, file_title, type, placement, next_id, prev_id, opera_id) VALUES (416, 'Sento, oddio, che questo piede', '', 'così_fan_tutte/Mozart-Così_fan_tutte-11-Sento,_oddio,_che_questo_piede.pdf', 'quintet', 11, 417, 415, 24);
INSERT INTO pieces (id, title, description, file_title, type, placement, next_id, prev_id, opera_id) VALUES (417, 'Non piangere, idol mio', '', 'così_fan_tutte/Mozart-Così_fan_tutte-12-Non_piangere,_idol_mio.pdf', 'recitativo', 12, 420, 416, 24);
INSERT INTO pieces (id, title, description, file_title, type, placement, next_id, prev_id, opera_id) VALUES (420, 'Al fato dan legge quegli occhi', '', 'così_fan_tutte/Mozart-Così_fan_tutte-13-Al_fato_dan_legge_quegli_occhi.pdf', 'duet', 13, 421, 417, 24);
INSERT INTO pieces (id, title, description, file_title, type, placement, next_id, prev_id, opera_id) VALUES (421, 'La commedia è graziosa', '', 'così_fan_tutte/Mozart-Così_fan_tutte-14-La_commedia_è_graziosa.pdf', 'recitativo', 14, 422, 420, 24);
INSERT INTO pieces (id, title, description, file_title, type, placement, next_id, prev_id, opera_id) VALUES (422, 'Marsch... Bella vita militar', '', 'così_fan_tutte/Mozart-Così_fan_tutte-15-Marsch..._Bella_vita_militar.pdf', 'choir', 15, 423, 421, 24);
INSERT INTO pieces (id, title, description, file_title, type, placement, next_id, prev_id, opera_id) VALUES (423, 'Non vè piu tempo amici', '', 'così_fan_tutte/Mozart-Così_fan_tutte-16-Non_vè_piu_tempo_amici.pdf', 'recitativo', 16, 424, 422, 24);
INSERT INTO pieces (id, title, description, file_title, type, placement, next_id, prev_id, opera_id) VALUES (424, 'Di scrivermi ogni giorno', '', 'così_fan_tutte/Mozart-Così_fan_tutte-17-Di_scrivermi_ogni_giorno.pdf', 'quintet', 17, 425, 423, 24);
INSERT INTO pieces (id, title, description, file_title, type, placement, next_id, prev_id, opera_id) VALUES (425, 'Bella vita militar', '', 'così_fan_tutte/Mozart-Così_fan_tutte-18-Bella_vita_militar.pdf', 'choir', 18, 426, 424, 24);
INSERT INTO pieces (id, title, description, file_title, type, placement, next_id, prev_id, opera_id) VALUES (426, 'Dove son... Son partiti', '', 'così_fan_tutte/Mozart-Così_fan_tutte-19-Dove_son..._Son_partiti.pdf', 'recitativo', 19, 427, 425, 24);
INSERT INTO pieces (id, title, description, file_title, type, placement, next_id, prev_id, opera_id) VALUES (427, 'Soave sia il vento', '', 'così_fan_tutte/Mozart-Così_fan_tutte-20-Soave_sia_il_vento.pdf', 'terzetto', 20, 428, 426, 24);
INSERT INTO pieces (id, title, description, file_title, type, placement, next_id, prev_id, opera_id) VALUES (428, 'Non son cattivo comico', '', 'così_fan_tutte/Mozart-Così_fan_tutte-21-Non_son_cattivo_comico.pdf', 'recitativo', 21, 429, 427, 24);
INSERT INTO pieces (id, title, description, file_title, type, placement, next_id, prev_id, opera_id) VALUES (429, 'Che vita maledetta', '', 'così_fan_tutte/Mozart-Così_fan_tutte-22-Che_vita_maledetta.pdf', 'recitativo', 22, 430, 428, 24);
INSERT INTO pieces (id, title, description, file_title, type, placement, next_id, prev_id, opera_id) VALUES (430, 'Madame ecco la vostra collazione', '', 'così_fan_tutte/Mozart-Così_fan_tutte-23-Madame_ecco_la_vostra_collazione.pdf', 'recitativo', 23, 432, 429, 24);
INSERT INTO pieces (id, title, description, file_title, type, placement, next_id, prev_id, opera_id) VALUES (432, 'Ah, scostati, pavento il tristo affetto... Smanie implacabili', '', 'così_fan_tutte/Mozart-Così_fan_tutte-24-Ah,_scostati,_pavento_il_tristo_affetto..._Smanie_implacabili.pdf', 'aria', 24, 433, 430, 24);
INSERT INTO pieces (id, title, description, file_title, type, placement, next_id, prev_id, opera_id) VALUES (433, 'Signora dorabella', '', 'così_fan_tutte/Mozart-Così_fan_tutte-25-Signora_dorabella.pdf', 'recitativo', 25, 434, 432, 24);
INSERT INTO pieces (id, title, description, file_title, type, placement, next_id, prev_id, opera_id) VALUES (434, 'In uomini, in soldati', '', 'così_fan_tutte/Mozart-Così_fan_tutte-26-In_uomini,_in_soldati.pdf', 'aria', 26, 435, 433, 24);
INSERT INTO pieces (id, title, description, file_title, type, placement, next_id, prev_id, opera_id) VALUES (435, 'Che silenzio che aspetto', '', 'così_fan_tutte/Mozart-Così_fan_tutte-27-Che_silenzio_che_aspetto.pdf', 'recitativo', 27, 436, 434, 24);
INSERT INTO pieces (id, title, description, file_title, type, placement, next_id, prev_id, opera_id) VALUES (436, 'Alla bella Despinetta', '', 'così_fan_tutte/Mozart-Così_fan_tutte-28-Alla_bella_Despinetta.pdf', 'sextet', 28, 437, 435, 24);
INSERT INTO pieces (id, title, description, file_title, type, placement, next_id, prev_id, opera_id) VALUES (437, 'Che susurro che strepito', '', 'così_fan_tutte/Mozart-Così_fan_tutte-29-Che_susurro_che_strepito.pdf', 'recitativo', 29, 438, 436, 24);
INSERT INTO pieces (id, title, description, file_title, type, placement, next_id, prev_id, opera_id) VALUES (438, 'Come scoglio immoto resta', '', 'così_fan_tutte/Mozart-Così_fan_tutte-30-Come_scoglio_immoto_resta.pdf', 'aria', 30, 439, 437, 24);
INSERT INTO pieces (id, title, description, file_title, type, placement, next_id, prev_id, opera_id) VALUES (439, 'Ah non partite', '', 'così_fan_tutte/Mozart-Così_fan_tutte-31-Ah_non_partite.pdf', 'recitativo', 31, 440, 438, 24);
INSERT INTO pieces (id, title, description, file_title, type, placement, next_id, prev_id, opera_id) VALUES (440, 'Non siate ritrosi', '', 'così_fan_tutte/Mozart-Così_fan_tutte-32-Non_siate_ritrosi.pdf', 'aria', 32, 441, 439, 24);
INSERT INTO pieces (id, title, description, file_title, type, placement, next_id, prev_id, opera_id) VALUES (441, 'Rivolgete a lui lo sguardo', '', 'così_fan_tutte/Mozart-Così_fan_tutte-33-Rivolgete_a_lui_lo_sguardo.pdf', 'aria', 33, 442, 440, 24);
INSERT INTO pieces (id, title, description, file_title, type, placement, next_id, prev_id, opera_id) VALUES (442, 'E voi ridete', '', 'così_fan_tutte/Mozart-Così_fan_tutte-34-E_voi_ridete.pdf', 'terzetto', 34, 443, 441, 24);
INSERT INTO pieces (id, title, description, file_title, type, placement, next_id, prev_id, opera_id) VALUES (443, 'Si può sapere un poco', '', 'così_fan_tutte/Mozart-Così_fan_tutte-35-Si_può_sapere_un_poco.pdf', 'recitativo', 35, 444, 442, 24);
INSERT INTO pieces (id, title, description, file_title, type, placement, next_id, prev_id, opera_id) VALUES (444, 'Un''aura amorosa', '', 'così_fan_tutte/Mozart-Così_fan_tutte-36-Un''aura_amorosa.pdf', 'aria', 36, 445, 443, 24);
INSERT INTO pieces (id, title, description, file_title, type, placement, next_id, prev_id, opera_id) VALUES (445, 'Oh la saria da ridere', '', 'così_fan_tutte/Mozart-Così_fan_tutte-37-Oh_la_saria_da_ridere.pdf', 'recitativo', 37, 446, 444, 24);
INSERT INTO pieces (id, title, description, file_title, type, placement, next_id, prev_id, opera_id) VALUES (446, 'Ah, che tutta in un momento', '', 'così_fan_tutte/Mozart-Così_fan_tutte-38-Ah,_che_tutta_in_un_momento.pdf', 'finale', 38, 447, 445, 24);
INSERT INTO pieces (id, title, description, file_title, type, placement, next_id, prev_id, opera_id) VALUES (447, 'Andate la, che siete due bizarre ragazze', '', 'così_fan_tutte/Mozart-Così_fan_tutte-39-Andate_la,_che_siete_due_bizarre_ragazze.pdf', 'recitativo', 39, 448, 446, 24);
INSERT INTO pieces (id, title, description, file_title, type, placement, next_id, prev_id, opera_id) VALUES (448, 'Una donna a quindici anni', '', 'così_fan_tutte/Mozart-Così_fan_tutte-40-Una_donna_a_quindici_anni.pdf', 'aria', 40, 449, 447, 24);
INSERT INTO pieces (id, title, description, file_title, type, placement, next_id, prev_id, opera_id) VALUES (449, 'Sorella cosa dici', '', 'così_fan_tutte/Mozart-Così_fan_tutte-41-Sorella_cosa_dici.pdf', 'recitativo', 41, 450, 448, 24);
INSERT INTO pieces (id, title, description, file_title, type, placement, next_id, prev_id, opera_id) VALUES (450, 'Prenderò quel brunettino', '', 'così_fan_tutte/Mozart-Così_fan_tutte-42-Prenderò_quel_brunettino.pdf', 'duet', 42, 451, 449, 24);
INSERT INTO pieces (id, title, description, file_title, type, placement, next_id, prev_id, opera_id) VALUES (451, 'Ah, correte al giardino', '', 'così_fan_tutte/Mozart-Così_fan_tutte-43-Ah,_correte_al_giardino.pdf', 'recitativo', 43, 452, 450, 24);
INSERT INTO pieces (id, title, description, file_title, type, placement, next_id, prev_id, opera_id) VALUES (452, 'Secondate, aurette amiche', '', 'così_fan_tutte/Mozart-Così_fan_tutte-44-Secondate,_aurette_amiche.pdf', 'duet', 44, 453, 451, 24);
INSERT INTO pieces (id, title, description, file_title, type, placement, next_id, prev_id, opera_id) VALUES (453, 'Il tutto deponete', '', 'così_fan_tutte/Mozart-Così_fan_tutte-45-Il_tutto_deponete.pdf', 'recitativo', 45, 454, 452, 24);
INSERT INTO pieces (id, title, description, file_title, type, placement, next_id, prev_id, opera_id) VALUES (454, 'La mano a me date', '', 'così_fan_tutte/Mozart-Così_fan_tutte-46-La_mano_a_me_date.pdf', 'quartet', 46, 455, 453, 24);
INSERT INTO pieces (id, title, description, file_title, type, placement, next_id, prev_id, opera_id) VALUES (455, 'Oh che bella giornata', '', 'così_fan_tutte/Mozart-Così_fan_tutte-47-Oh_che_bella_giornata.pdf', 'recitativo', 47, 456, 454, 24);
INSERT INTO pieces (id, title, description, file_title, type, placement, next_id, prev_id, opera_id) VALUES (456, 'Il core vi dono', '', 'così_fan_tutte/Mozart-Così_fan_tutte-48-Il_core_vi_dono.pdf', 'duet', 48, 457, 455, 24);
INSERT INTO pieces (id, title, description, file_title, type, placement, next_id, prev_id, opera_id) VALUES (457, 'Barbara, perché fuggi', '', 'così_fan_tutte/Mozart-Così_fan_tutte-49-Barbara,_perché_fuggi.pdf', 'recitativo', 49, 458, 456, 24);
INSERT INTO pieces (id, title, description, file_title, type, placement, next_id, prev_id, opera_id) VALUES (458, 'Ah, lo veggio, quell''anima bella', '', 'così_fan_tutte/Mozart-Così_fan_tutte-50-Ah,_lo_veggio,_quell''anima_bella.pdf', 'aria', 50, 459, 457, 24);
INSERT INTO pieces (id, title, description, file_title, type, placement, next_id, prev_id, opera_id) VALUES (459, 'Ei parte, senti', '', 'così_fan_tutte/Mozart-Così_fan_tutte-51-Ei_parte,_senti.pdf', 'recitativo', 51, 461, 458, 24);
INSERT INTO pieces (id, title, description, file_title, type, placement, next_id, prev_id, opera_id) VALUES (461, 'Per pieta, ben mio, perdona', '', 'così_fan_tutte/Mozart-Così_fan_tutte-52-Per_pieta,_ben_mio,_perdona.pdf', 'aria', 52, 462, 459, 24);
INSERT INTO pieces (id, title, description, file_title, type, placement, next_id, prev_id, opera_id) VALUES (462, 'Amico, abbiamo, vinto', '', 'così_fan_tutte/Mozart-Così_fan_tutte-53-Amico,_abbiamo,_vinto.pdf', 'recitativo', 53, 463, 461, 24);
INSERT INTO pieces (id, title, description, file_title, type, placement, next_id, prev_id, opera_id) VALUES (463, 'Donne mie, la fate a tanti', '', 'così_fan_tutte/Mozart-Così_fan_tutte-54-Donne_mie,_la_fate_a_tanti.pdf', 'aria', 54, 464, 462, 24);
INSERT INTO pieces (id, title, description, file_title, type, placement, next_id, prev_id, opera_id) VALUES (464, 'In qual fiero contrasto', '', 'così_fan_tutte/Mozart-Così_fan_tutte-55-In_qual_fiero_contrasto.pdf', 'recitativo', 55, 465, 463, 24);
INSERT INTO pieces (id, title, description, file_title, type, placement, next_id, prev_id, opera_id) VALUES (465, 'Tradito, schernito dal perfido cor', '', 'così_fan_tutte/Mozart-Così_fan_tutte-56-Tradito,_schernito_dal_perfido_cor.pdf', 'aria', 56, 467, 464, 24);
INSERT INTO pieces (id, title, description, file_title, type, placement, next_id, prev_id, opera_id) VALUES (467, 'Bravo, questa e costanza', '', 'così_fan_tutte/Mozart-Così_fan_tutte-57-Bravo,_questa_e_costanza.pdf', 'recitativo', 57, 468, 465, 24);
INSERT INTO pieces (id, title, description, file_title, type, placement, next_id, prev_id, opera_id) VALUES (468, 'Ora vedo che siete una donna di garbo', '', 'così_fan_tutte/Mozart-Così_fan_tutte-58-Ora_vedo_che_siete_una_donna_di_garbo.pdf', 'recitativo', 58, 469, 467, 24);
INSERT INTO pieces (id, title, description, file_title, type, placement, next_id, prev_id, opera_id) VALUES (469, 'È amore un ladroncello', '', 'così_fan_tutte/Mozart-Così_fan_tutte-59-È_amore_un_ladroncello.pdf', 'aria', 59, 470, 468, 24);
INSERT INTO pieces (id, title, description, file_title, type, placement, next_id, prev_id, opera_id) VALUES (470, 'Come tutto congiura', '', 'così_fan_tutte/Mozart-Così_fan_tutte-60-Come_tutto_congiura.pdf', 'recitativo', 60, 471, 469, 24);
INSERT INTO pieces (id, title, description, file_title, type, placement, next_id, prev_id, opera_id) VALUES (471, 'Fra gli amplessi', '', 'così_fan_tutte/Mozart-Così_fan_tutte-61-Fra_gli_amplessi.pdf', 'duet', 61, 472, 470, 24);
INSERT INTO pieces (id, title, description, file_title, type, placement, next_id, prev_id, opera_id) VALUES (472, 'Ah poveretto me', '', 'così_fan_tutte/Mozart-Così_fan_tutte-62-Ah_poveretto_me.pdf', 'recitativo', 62, 473, 471, 24);
INSERT INTO pieces (id, title, description, file_title, type, placement, next_id, prev_id, opera_id) VALUES (473, 'Tutti accusan le donne', '', 'così_fan_tutte/Mozart-Così_fan_tutte-63-Tutti_accusan_le_donne.pdf', 'aria', 63, 474, 472, 24);
INSERT INTO pieces (id, title, description, file_title, type, placement, next_id, prev_id, opera_id) VALUES (474, 'Vittoria padroncini', '', 'così_fan_tutte/Mozart-Così_fan_tutte-64-Vittoria_padroncini.pdf', 'recitativo', 64, 475, 473, 24);
INSERT INTO pieces (id, title, description, file_title, type, placement, next_id, prev_id, opera_id) VALUES (475, 'Fate presto o cari amici', '', 'così_fan_tutte/Mozart-Così_fan_tutte-65-Fate_presto_o_cari_amici.pdf', 'finale', 65, 476, 474, 24);
INSERT INTO pieces (id, title, description, file_title, type, placement, next_id, prev_id, opera_id) VALUES (476, 'Così fan tutte - Vocal score', '', 'così_fan_tutte/Mozart-Così_fan_tutte-99-Così_fan_tutte_-_Vocal_score.pdf', 'score', 99, NULL, 475, 24);
INSERT INTO pieces (id, title, description, file_title, type, placement, next_id, prev_id, opera_id) VALUES (477, 'Ouverture - O Lola bianca', '', 'cavalleria_rusticana/Mascagni-Cavalleria_rusticana-1-Ouverture_-_O_Lola_bianca.pdf', 'ouverture', 1, 478, NULL, 25);
INSERT INTO pieces (id, title, description, file_title, type, placement, next_id, prev_id, opera_id) VALUES (478, 'Gli aranci olezzano', '', 'cavalleria_rusticana/Mascagni-Cavalleria_rusticana-2-Gli_aranci_olezzano.pdf', 'choir', 2, 479, 477, 25);
INSERT INTO pieces (id, title, description, file_title, type, placement, next_id, prev_id, opera_id) VALUES (479, 'Dite, mamma Lucia... Il cavallo scalpita', '', 'cavalleria_rusticana/Mascagni-Cavalleria_rusticana-3-Dite,_mamma_Lucia..._Il_cavallo_scalpita.pdf', 'aria', 3, 480, 478, 25);
INSERT INTO pieces (id, title, description, file_title, type, placement, next_id, prev_id, opera_id) VALUES (480, 'Beato voi, compar Alfio... Regina Coeli', '', 'cavalleria_rusticana/Mascagni-Cavalleria_rusticana-4-Beato_voi,_compar_Alfio..._Regina_Coeli.pdf', 'choir', 4, 481, 479, 25);
INSERT INTO pieces (id, title, description, file_title, type, placement, next_id, prev_id, opera_id) VALUES (481, 'Voi lo sapete o mamma', '', 'cavalleria_rusticana/Mascagni-Cavalleria_rusticana-5-Voi_lo_sapete_o_mamma.pdf', 'aria', 5, 482, 480, 25);
INSERT INTO pieces (id, title, description, file_title, type, placement, next_id, prev_id, opera_id) VALUES (482, 'Tu qui Santuzza', '', 'cavalleria_rusticana/Mascagni-Cavalleria_rusticana-6-Tu_qui_Santuzza.pdf', 'duet', 6, 483, 481, 25);
INSERT INTO pieces (id, title, description, file_title, type, placement, next_id, prev_id, opera_id) VALUES (483, 'Fior di giaggiolo', '', 'cavalleria_rusticana/Mascagni-Cavalleria_rusticana-7-Fior_di_giaggiolo.pdf', 'duet', 7, 484, 482, 25);
INSERT INTO pieces (id, title, description, file_title, type, placement, next_id, prev_id, opera_id) VALUES (484, 'Ah, lo vedi, che hai tu detto', '', 'cavalleria_rusticana/Mascagni-Cavalleria_rusticana-8-Ah,_lo_vedi,_che_hai_tu_detto.pdf', 'duet', 8, 485, 483, 25);
INSERT INTO pieces (id, title, description, file_title, type, placement, next_id, prev_id, opera_id) VALUES (485, 'Il signore vi manda', '', 'cavalleria_rusticana/Mascagni-Cavalleria_rusticana-9-Il_signore_vi_manda.pdf', 'duet', 9, 486, 484, 25);
INSERT INTO pieces (id, title, description, file_title, type, placement, next_id, prev_id, opera_id) VALUES (486, 'Intermezzo', '', 'cavalleria_rusticana/Mascagni-Cavalleria_rusticana-10-Intermezzo.pdf', 'intermezzo', 10, 487, 485, 25);
INSERT INTO pieces (id, title, description, file_title, type, placement, next_id, prev_id, opera_id) VALUES (487, 'A casa, amici', '', 'cavalleria_rusticana/Mascagni-Cavalleria_rusticana-11-A_casa,_amici.pdf', 'choir', 11, 488, 486, 25);
INSERT INTO pieces (id, title, description, file_title, type, placement, next_id, prev_id, opera_id) VALUES (488, 'A voi tutti salute', '', 'cavalleria_rusticana/Mascagni-Cavalleria_rusticana-12-A_voi_tutti_salute.pdf', 'finale', 12, 489, 487, 25);
INSERT INTO pieces (id, title, description, file_title, type, placement, next_id, prev_id, opera_id) VALUES (489, 'Cavalleria rusticana - Vocal score', '', 'cavalleria_rusticana/Mascagni-Cavalleria_rusticana-99-Cavalleria_rusticana_-_Vocal_score.pdf', 'score', 99, NULL, 488, 25);
INSERT INTO pieces (id, title, description, file_title, type, placement, next_id, prev_id, opera_id) VALUES (490, 'Sinfonia', '', 'don_pasquale/Donizetti-Don_Pasquale-1-Sinfonia.pdf', 'ouverture', 1, 491, NULL, 26);
INSERT INTO pieces (id, title, description, file_title, type, placement, next_id, prev_id, opera_id) VALUES (491, 'Son nov''ore', '', 'don_pasquale/Donizetti-Don_Pasquale-2-Son_nov''ore.pdf', 'duet', 2, 492, 490, 26);
INSERT INTO pieces (id, title, description, file_title, type, placement, next_id, prev_id, opera_id) VALUES (492, 'Bella siccome un angelo', '', 'don_pasquale/Donizetti-Don_Pasquale-3-Bella_siccome_un_angelo.pdf', 'aria', 3, 493, 491, 26);
INSERT INTO pieces (id, title, description, file_title, type, placement, next_id, prev_id, opera_id) VALUES (493, 'Familia... Agita, onesta', '', 'don_pasquale/Donizetti-Don_Pasquale-4-Familia..._Agita,_onesta.pdf', 'duet', 4, 494, 492, 26);
INSERT INTO pieces (id, title, description, file_title, type, placement, next_id, prev_id, opera_id) VALUES (494, 'Ah, un foco in solito mi sento addosso', '', 'don_pasquale/Donizetti-Don_Pasquale-5-Ah,_un_foco_in_solito_mi_sento_addosso.pdf', 'aria', 5, 495, 493, 26);
INSERT INTO pieces (id, title, description, file_title, type, placement, next_id, prev_id, opera_id) VALUES (495, 'Son rinato... Prender moglie', '', 'don_pasquale/Donizetti-Don_Pasquale-6-Son_rinato..._Prender_moglie.pdf', 'duet', 6, 496, 494, 26);
INSERT INTO pieces (id, title, description, file_title, type, placement, next_id, prev_id, opera_id) VALUES (496, 'Quel guardo il cavaliere... So anch''io la virtù magica', '', 'don_pasquale/Donizetti-Don_Pasquale-7-Quel_guardo_il_cavaliere..._So_anch''io_la_virtù_magica.pdf', 'aria', 7, 497, 495, 26);
INSERT INTO pieces (id, title, description, file_title, type, placement, next_id, prev_id, opera_id) VALUES (497, 'E il dottor non si vede... Pronta io son', '', 'don_pasquale/Donizetti-Don_Pasquale-8-E_il_dottor_non_si_vede..._Pronta_io_son.pdf', 'duet', 8, 498, 496, 26);
INSERT INTO pieces (id, title, description, file_title, type, placement, next_id, prev_id, opera_id) VALUES (498, 'Povero Ernesto... Cercherò lontana terra', '', 'don_pasquale/Donizetti-Don_Pasquale-9-Povero_Ernesto..._Cercherò_lontana_terra.pdf', 'aria', 9, 500, 497, 26);
INSERT INTO pieces (id, title, description, file_title, type, placement, next_id, prev_id, opera_id) VALUES (500, 'Quando avrete introdotto... Via da brava', '', 'don_pasquale/Donizetti-Don_Pasquale-10-Quando_avrete_introdotto..._Via_da_brava.pdf', 'terzetto', 10, 501, 498, 26);
INSERT INTO pieces (id, title, description, file_title, type, placement, next_id, prev_id, opera_id) VALUES (501, 'Non abbiate paura... Fra da una parte', '', 'don_pasquale/Donizetti-Don_Pasquale-11-Non_abbiate_paura..._Fra_da_una_parte.pdf', 'finale', 11, 502, 500, 26);
INSERT INTO pieces (id, title, description, file_title, type, placement, next_id, prev_id, opera_id) VALUES (502, 'I diamanti, presto, presto', '', 'don_pasquale/Donizetti-Don_Pasquale-12-I_diamanti,_presto,_presto.pdf', 'choir', 12, 503, 501, 26);
INSERT INTO pieces (id, title, description, file_title, type, placement, next_id, prev_id, opera_id) VALUES (503, 'Vediamo, alla modista... Signorina, in tanta fretta', '', 'don_pasquale/Donizetti-Don_Pasquale-13-Vediamo,_alla_modista..._Signorina,_in_tanta_fretta.pdf', 'duet', 13, 504, 502, 26);
INSERT INTO pieces (id, title, description, file_title, type, placement, next_id, prev_id, opera_id) VALUES (504, 'Qualche nota di cuffie', '', 'don_pasquale/Donizetti-Don_Pasquale-14-Qualche_nota_di_cuffie.pdf', 'recitativo', 14, 505, 503, 26);
INSERT INTO pieces (id, title, description, file_title, type, placement, next_id, prev_id, opera_id) VALUES (505, 'Che interminabile andirivieni', '', 'don_pasquale/Donizetti-Don_Pasquale-15-Che_interminabile_andirivieni.pdf', 'choir', 15, 506, 504, 26);
INSERT INTO pieces (id, title, description, file_title, type, placement, next_id, prev_id, opera_id) VALUES (506, 'Siamo intesi... Cheti, cheti, immantimente', '', 'don_pasquale/Donizetti-Don_Pasquale-16-Siamo_intesi..._Cheti,_cheti,_immantimente.pdf', 'duet', 16, 507, 505, 26);
INSERT INTO pieces (id, title, description, file_title, type, placement, next_id, prev_id, opera_id) VALUES (507, 'Com''è gentil', '', 'don_pasquale/Donizetti-Don_Pasquale-17-Com''è_gentil.pdf', 'aria', 17, 509, 506, 26);
INSERT INTO pieces (id, title, description, file_title, type, placement, next_id, prev_id, opera_id) VALUES (509, 'Tornami a dir che m''ami', '', 'don_pasquale/Donizetti-Don_Pasquale-18-Tornami_a_dir_che_m''ami.pdf', 'duet', 18, 511, 507, 26);
INSERT INTO pieces (id, title, description, file_title, type, placement, next_id, prev_id, opera_id) VALUES (511, 'Eccoli, attenti ben... La morale in tutto questo', '', 'don_pasquale/Donizetti-Don_Pasquale-19-Eccoli,_attenti_ben..._La_morale_in_tutto_questo.pdf', 'finale', 19, 512, 509, 26);
INSERT INTO pieces (id, title, description, file_title, type, placement, next_id, prev_id, opera_id) VALUES (512, 'Don Pasquale - Vocal score', '', 'don_pasquale/Donizetti-Don_Pasquale-99-Don_Pasquale_-_Vocal_score.pdf', 'score', 99, NULL, 511, 26);
INSERT INTO pieces (id, title, description, file_title, type, placement, next_id, prev_id, opera_id) VALUES (513, 'Ouverture', '', 'guillaume_tell\Rossini-Guillaume_Tell-1-Ouverture.pdf', 'ouverture', 1, 514, NULL, 27);
INSERT INTO pieces (id, title, description, file_title, type, placement, next_id, prev_id, opera_id) VALUES (514, 'Quel jour serein le Ciel présage', '', 'guillaume_tell\Rossini-Guillaume_Tell-2-Quel_jour_serein_le_Ciel_présage.pdf', 'choir', 2, 515, 513, 27);
INSERT INTO pieces (id, title, description, file_title, type, placement, next_id, prev_id, opera_id) VALUES (515, 'Où vas-tu... Quel Transport t''agite', '', 'guillaume_tell\Rossini-Guillaume_Tell-3-Où_vas-tu..._Quel_Transport_t''agite.pdf', 'duet', 3, 516, 514, 27);
INSERT INTO pieces (id, title, description, file_title, type, placement, next_id, prev_id, opera_id) VALUES (516, 'Ciel, qui du monde es la parure', '', 'guillaume_tell\Rossini-Guillaume_Tell-4-Ciel,_qui_du_monde_es_la_parure.pdf', 'choir', 4, 517, 515, 27);
INSERT INTO pieces (id, title, description, file_title, type, placement, next_id, prev_id, opera_id) VALUES (517, 'Hyménée, ta journée, fortunée', '', 'guillaume_tell\Rossini-Guillaume_Tell-5-Hyménée,_ta_journée,_fortunée.pdf', 'choir', 5, 518, 516, 27);
INSERT INTO pieces (id, title, description, file_title, type, placement, next_id, prev_id, opera_id) VALUES (518, 'Pas de six', '', 'guillaume_tell\Rossini-Guillaume_Tell-6-Pas_de_six.pdf', 'intermezzo', 6, 519, 517, 27);
INSERT INTO pieces (id, title, description, file_title, type, placement, next_id, prev_id, opera_id) VALUES (519, 'Honneur au fils de Tell', '', 'guillaume_tell\Rossini-Guillaume_Tell-7-Honneur_au_fils_de_Tell.pdf', 'choir', 7, 520, 518, 27);
INSERT INTO pieces (id, title, description, file_title, type, placement, next_id, prev_id, opera_id) VALUES (520, 'Dieu de bonté, Dieu tout puissant', '', 'guillaume_tell\Rossini-Guillaume_Tell-8-Dieu_de_bonté,_Dieu_tout_puissant.pdf', 'finale', 8, 521, 519, 27);
INSERT INTO pieces (id, title, description, file_title, type, placement, next_id, prev_id, opera_id) VALUES (521, 'Quelle sauvage harmonie', '', 'guillaume_tell\Rossini-Guillaume_Tell-9-Quelle_sauvage_harmonie.pdf', 'choir', 9, 522, 520, 27);
INSERT INTO pieces (id, title, description, file_title, type, placement, next_id, prev_id, opera_id) VALUES (522, 'Sombre forêt, désert triste', '', 'guillaume_tell\Rossini-Guillaume_Tell-10-Sombre_forêt,_désert_triste.pdf', 'aria', 10, 523, 521, 27);
INSERT INTO pieces (id, title, description, file_title, type, placement, next_id, prev_id, opera_id) VALUES (523, 'Oui, vous l''arrachez à mon âme', '', 'guillaume_tell\Rossini-Guillaume_Tell-11-Oui,_vous_l''arrachez_à_mon_âme.pdf', 'duet', 11, 524, 522, 27);
INSERT INTO pieces (id, title, description, file_title, type, placement, next_id, prev_id, opera_id) VALUES (524, 'Quand l''Helvétie est un champ de supplices', '', 'guillaume_tell\Rossini-Guillaume_Tell-12-Quand_l''Helvétie_est_un_champ_de_supplices.pdf', 'terzetto', 12, 525, 523, 27);
INSERT INTO pieces (id, title, description, file_title, type, placement, next_id, prev_id, opera_id) VALUES (525, 'Des profondeurs du bois immense', '', 'guillaume_tell\Rossini-Guillaume_Tell-13-Des_profondeurs_du_bois_immense.pdf', 'finale', 13, 526, 524, 27);
INSERT INTO pieces (id, title, description, file_title, type, placement, next_id, prev_id, opera_id) VALUES (526, 'Puor notre amour, plus d''espérance', '', 'guillaume_tell\Rossini-Guillaume_Tell-14-Puor_notre_amour,_plus_d''espérance.pdf', 'aria', 14, 527, 525, 27);
INSERT INTO pieces (id, title, description, file_title, type, placement, next_id, prev_id, opera_id) VALUES (527, 'Gloire au pouvoir suprême', '', 'guillaume_tell\Rossini-Guillaume_Tell-15-Gloire_au_pouvoir_suprême.pdf', 'choir', 15, 528, 526, 27);
INSERT INTO pieces (id, title, description, file_title, type, placement, next_id, prev_id, opera_id) VALUES (528, 'Toi que l''oiseau ne suivrait pas', '', 'guillaume_tell\Rossini-Guillaume_Tell-16-Toi_que_l''oiseau_ne_suivrait_pas.pdf', 'choir', 16, 529, 527, 27);
INSERT INTO pieces (id, title, description, file_title, type, placement, next_id, prev_id, opera_id) VALUES (529, 'Pas de soldats', '', 'guillaume_tell\Rossini-Guillaume_Tell-17-Pas_de_soldats.pdf', 'intermezzo', 17, 530, 528, 27);
INSERT INTO pieces (id, title, description, file_title, type, placement, next_id, prev_id, opera_id) VALUES (530, 'Je te bénis en répandant des larmes', '', 'guillaume_tell\Rossini-Guillaume_Tell-18-Je_te_bénis_en_répandant_des_larmes.pdf', 'finale', 18, 531, 529, 27);
INSERT INTO pieces (id, title, description, file_title, type, placement, next_id, prev_id, opera_id) VALUES (531, 'Asile héréditaire', '', 'guillaume_tell\Rossini-Guillaume_Tell-20-Asile_héréditaire.pdf', 'aria', 20, 532, 530, 27);
INSERT INTO pieces (id, title, description, file_title, type, placement, next_id, prev_id, opera_id) VALUES (532, 'Je rends à votre amour un fils digne de vous', '', 'guillaume_tell\Rossini-Guillaume_Tell-21-Je_rends_à_votre_amour_un_fils_digne_de_vous.pdf', 'terzetto', 21, 533, 531, 27);
INSERT INTO pieces (id, title, description, file_title, type, placement, next_id, prev_id, opera_id) VALUES (533, 'Quoi dans nos maux acceptant un partage', '', 'guillaume_tell\Rossini-Guillaume_Tell-22-Quoi_dans_nos_maux_acceptant_un_partage.pdf', 'finale', 22, 534, 532, 27);
INSERT INTO pieces (id, title, description, file_title, type, placement, next_id, prev_id, opera_id) VALUES (534, 'Guillaume Tell - Vocal score', '', 'guillaume_tell\Rossini-Guillaume_Tell-99-Guillaume_Tell_-_Vocal_score.pdf', 'score', 99, NULL, 533, 27);
INSERT INTO pieces (id, title, description, file_title, type, placement, next_id, prev_id, opera_id) VALUES (535, 'Introduction... Popolo di Pekino', '', 'turandot\Puccini-Turandot-1-Introduction..._Popolo_di_Pekino.pdf', 'ouverture', 1, 536, NULL, 28);
INSERT INTO pieces (id, title, description, file_title, type, placement, next_id, prev_id, opera_id) VALUES (536, 'Perchè tarda la luna', '', 'turandot\Puccini-Turandot-2-Perchè_tarda_la_luna.pdf', 'choir', 2, 537, 535, 28);
INSERT INTO pieces (id, title, description, file_title, type, placement, next_id, prev_id, opera_id) VALUES (537, 'Signore, ascolta', '', 'turandot\Puccini-Turandot-3-Signore,_ascolta.pdf', 'aria', 3, 538, 536, 28);
INSERT INTO pieces (id, title, description, file_title, type, placement, next_id, prev_id, opera_id) VALUES (538, 'Non piangere, Liu', '', 'turandot\Puccini-Turandot-4-Non_piangere,_Liu.pdf', 'aria', 4, 539, 537, 28);
INSERT INTO pieces (id, title, description, file_title, type, placement, next_id, prev_id, opera_id) VALUES (539, 'Ah, per l''ultima volta', '', 'turandot\Puccini-Turandot-5-Ah,_per_l''ultima_volta.pdf', 'finale', 5, 540, 538, 28);
INSERT INTO pieces (id, title, description, file_title, type, placement, next_id, prev_id, opera_id) VALUES (540, 'Olà, Pang... Olà, Pong', '', 'turandot\Puccini-Turandot-6-Olà,_Pang..._Olà,_Pong.pdf', 'terzetto', 6, 541, 539, 28);
INSERT INTO pieces (id, title, description, file_title, type, placement, next_id, prev_id, opera_id) VALUES (541, 'Gravi, enormi... Un giuramento... Figlio del cielo', '', 'turandot\Puccini-Turandot-7-Gravie,_enormi..._Un_giuramento..._Figlio_del_cielo.pdf', 'other', 7, 542, 540, 28);
INSERT INTO pieces (id, title, description, file_title, type, placement, next_id, prev_id, opera_id) VALUES (542, 'In quest reggia', '', 'turandot\Puccini-Turandot-8-In_quest_reggia.pdf', 'aria', 8, 543, 541, 28);
INSERT INTO pieces (id, title, description, file_title, type, placement, next_id, prev_id, opera_id) VALUES (543, 'Figlio del cielo', '', 'turandot\Puccini-Turandot-9-Figlio_del_cielo.pdf', 'aria', 9, 544, 542, 28);
INSERT INTO pieces (id, title, description, file_title, type, placement, next_id, prev_id, opera_id) VALUES (544, 'Così commanda Turandot', '', 'turandot\Puccini-Turandot-10-Così_commanda_Turandot.pdf', 'other', 10, 545, 543, 28);
INSERT INTO pieces (id, title, description, file_title, type, placement, next_id, prev_id, opera_id) VALUES (545, 'Nessun dorma', '', 'turandot\Puccini-Turandot-11-Nessun_dorma.pdf', 'aria', 11, 546, 544, 28);
INSERT INTO pieces (id, title, description, file_title, type, placement, next_id, prev_id, opera_id) VALUES (546, 'Tu che guardi le stelle', '', 'turandot\Puccini-Turandot-12-Tu_che_guardi_le_stelle.pdf', 'terzetto', 12, 547, 545, 28);
INSERT INTO pieces (id, title, description, file_title, type, placement, next_id, prev_id, opera_id) VALUES (547, 'Sei palido, straniero', '', 'turandot\Puccini-Turandot-13-Sei_palido,_straniero.pdf', 'other', 13, 548, 546, 28);
INSERT INTO pieces (id, title, description, file_title, type, placement, next_id, prev_id, opera_id) VALUES (548, 'Tanto amore segreto... Tu che di gel sei cinta', '', 'turandot\Puccini-Turandot-14-Tanto_amore_segreto..._Tu_che_di_gel_sei_cinta.pdf', 'aria', 14, 549, 547, 28);
INSERT INTO pieces (id, title, description, file_title, type, placement, next_id, prev_id, opera_id) VALUES (549, 'Tu sei morta', '', 'turandot\Puccini-Turandot-15-Tu_sei_morta.pdf', 'other', 15, 550, 548, 28);
INSERT INTO pieces (id, title, description, file_title, type, placement, next_id, prev_id, opera_id) VALUES (550, 'Principessa di morte', '', 'turandot\Puccini-Turandot-16-Principessa_di_morte.pdf', 'duet', 16, 551, 549, 28);
INSERT INTO pieces (id, title, description, file_title, type, placement, next_id, prev_id, opera_id) VALUES (551, 'Del primo pianto', '', 'turandot\Puccini-Turandot-17-Del_primo_pianto.pdf', 'aria', 17, 552, 550, 28);
INSERT INTO pieces (id, title, description, file_title, type, placement, next_id, prev_id, opera_id) VALUES (552, 'Diecimila anni al nostro Imperatore', '', 'turandot\Puccini-Turandot-18-Diecimila_anni_al_nostro_Imperatore.pdf', 'choir', 18, 553, 551, 28);
INSERT INTO pieces (id, title, description, file_title, type, placement, next_id, prev_id, opera_id) VALUES (553, 'Turandot - Vocal Score', '', 'turandot\Puccini-Turandot-99-Turandot_-_Vocal_Score.pdf', 'score', 99, NULL, 552, 28);
INSERT INTO pieces (id, title, description, file_title, type, placement, next_id, prev_id, opera_id) VALUES (563, 'Sinfonia', '', 'nabucco\Verdi-Nabucco-1-Sinfonia.pdf', 'ouverture', 1, 564, NULL, 29);
INSERT INTO pieces (id, title, description, file_title, type, placement, next_id, prev_id, opera_id) VALUES (564, 'Gli arredi festivi... Sperate, o figli... D''Egitto', '', 'nabucco\Verdi-Nabucco-2-Gli_arredi_festivi..._Sperate,_o_figli..._D''Egitto.pdf', 'aria', 2, 565, 563, 29);
INSERT INTO pieces (id, title, description, file_title, type, placement, next_id, prev_id, opera_id) VALUES (565, 'Fenena, o mia diletta... Io t''amava', '', 'nabucco\Verdi-Nabucco-3-Fenena,_o_mia_diletta..._Io_t''amava.pdf', 'terzetto', 3, 566, 564, 29);
INSERT INTO pieces (id, title, description, file_title, type, placement, next_id, prev_id, opera_id) VALUES (566, 'Lo vedeste... Oh felice chi morì', '', 'nabucco\Verdi-Nabucco-4-Lo_vedeste..._Oh_felice_chi_morì.pdf', 'choir', 4, 567, 565, 29);
INSERT INTO pieces (id, title, description, file_title, type, placement, next_id, prev_id, opera_id) VALUES (567, 'Viva Nabucco... Tremin gl''insani del mio furore', '', 'nabucco\Verdi-Nabucco-5-Viva_Nabucco..._Tremin_gl''insani_del_mio_furore.pdf', 'finale', 5, 568, 566, 29);
INSERT INTO pieces (id, title, description, file_title, type, placement, next_id, prev_id, opera_id) VALUES (568, 'Anch''io dischiuso un giorno... Salgo già del trono aurato', '', 'nabucco\Verdi-Nabucco-6-Anch''io_dischiuso_un_giorno..._Salgo_già_del_trono_aurato.pdf', 'aria', 6, 569, 567, 29);
INSERT INTO pieces (id, title, description, file_title, type, placement, next_id, prev_id, opera_id) VALUES (569, 'Preghiera - Tu sul labbro', '', 'nabucco\Verdi-Nabucco-7-Preghiera_-_Tu_sul_labbro.pdf', 'aria', 7, 570, 568, 29);
INSERT INTO pieces (id, title, description, file_title, type, placement, next_id, prev_id, opera_id) VALUES (570, 'Che si vuol... Il maledetto ha fratelli', '', 'nabucco\Verdi-Nabucco-8-Che_si_vuol..._Il_maledetto_ha_fratelli.pdf', 'choir', 8, 571, 569, 29);
INSERT INTO pieces (id, title, description, file_title, type, placement, next_id, prev_id, opera_id) VALUES (571, 'Deh fratelli, perdonate... S''appressan gl''istanti', '', 'nabucco\Verdi-Nabucco-9-Deh_fratelli,_perdonate..._S''appressan_gl''istanti.pdf', 'finale', 9, 572, 570, 29);
INSERT INTO pieces (id, title, description, file_title, type, placement, next_id, prev_id, opera_id) VALUES (572, 'È l''Assiria, una regina', '', 'nabucco\Verdi-Nabucco-10-È_l''Assiria,_una_regina.pdf', 'choir', 10, 573, 571, 29);
INSERT INTO pieces (id, title, description, file_title, type, placement, next_id, prev_id, opera_id) VALUES (573, 'Eccelsa donna, che d''Assiria il fato reggi', '', 'nabucco\Verdi-Nabucco-11-Eccelsa_donna,_che_d''Assiria_il_fato_reggi.pdf', 'recitativo', 11, 574, 572, 29);
INSERT INTO pieces (id, title, description, file_title, type, placement, next_id, prev_id, opera_id) VALUES (574, 'Donna, chi sei... Deh, perdona ad un padre che delira', 'This is the famous prisoners'' chorus.', 'nabucco\Verdi-Nabucco-12-Donna,_chi_sei..._Deh,_perdona_ad_un_padre_che_delira.pdf', 'duet', 12, 575, 573, 29);
INSERT INTO pieces (id, title, description, file_title, type, placement, next_id, prev_id, opera_id) VALUES (575, 'Va, pensiero, sull''ali dorate', '', 'nabucco\Verdi-Nabucco-13-Va,_pensiero,_sull''ali_dorate.pdf', 'choir', 13, 576, 574, 29);
INSERT INTO pieces (id, title, description, file_title, type, placement, next_id, prev_id, opera_id) VALUES (576, 'Finale terzo - Oh chi piange... Del fururo nel buio discerno', '', 'nabucco\Verdi-Nabucco-14-Finale_terzo_-_Oh_chi_piange..._Del_fururo_nel_buio_discerno.pdf', 'aria', 14, 577, 575, 29);
INSERT INTO pieces (id, title, description, file_title, type, placement, next_id, prev_id, opera_id) VALUES (577, 'Dio di Giuda... O prodi miei, seguitemi', '', 'nabucco\Verdi-Nabucco-15-Dio_di_Giuda..._O_prodi_miei,_seguitemi.pdf', 'aria', 15, 578, 576, 29);
INSERT INTO pieces (id, title, description, file_title, type, placement, next_id, prev_id, opera_id) VALUES (578, 'Oh dischiuso è il firmamento', '', 'nabucco\Verdi-Nabucco-16-Oh_dischiuso_è_il_firmamento.pdf', 'aria', 16, 579, 577, 29);
INSERT INTO pieces (id, title, description, file_title, type, placement, next_id, prev_id, opera_id) VALUES (579, 'Qual grido è questo', '', 'nabucco\Verdi-Nabucco-17-Qual_grido_è_questo.pdf', 'finale', 17, 580, 578, 29);
INSERT INTO pieces (id, title, description, file_title, type, placement, next_id, prev_id, opera_id) VALUES (580, 'Nabucco - Vocal Score', '', 'nabucco\Verdi-Nabucco-99-Nabucco_-_Vocal_Score.pdf', 'score', 99, NULL, 579, 29);
INSERT INTO pieces (id, title, description, file_title, type, placement, next_id, prev_id, opera_id) VALUES (581, 'Ouverture', '', 'serse\Handel-Serse-1-Ouverture.pdf', 'ouverture', 1, 582, NULL, 30);
INSERT INTO pieces (id, title, description, file_title, type, placement, next_id, prev_id, opera_id) VALUES (582, 'Frondi tenere... Ombra mai fù', '', 'serse\Handel-Serse-2-Frondi_tenere..._Ombra_mai_fù.pdf', 'aria', 2, 583, 581, 30);
INSERT INTO pieces (id, title, description, file_title, type, placement, next_id, prev_id, opera_id) VALUES (583, 'Siam giunti, Elviro... Sento un soave concento', '', 'serse\Handel-Serse-3-Siam_giunti,_Elviro..._Sento_un_soave_concento.pdf', 'recitativo', 3, 584, 582, 30);
INSERT INTO pieces (id, title, description, file_title, type, placement, next_id, prev_id, opera_id) VALUES (584, 'O voi che penate', '', 'serse\Handel-Serse-4-O_voi_che_penate.pdf', 'aria', 4, 585, 583, 30);
INSERT INTO pieces (id, title, description, file_title, type, placement, next_id, prev_id, opera_id) VALUES (585, 'Và godendo vezzoso e bello', '', 'serse\Handel-Serse-5-Và_godendo_vezzoso_e_bello.pdf', 'aria', 5, 586, 584, 30);
INSERT INTO pieces (id, title, description, file_title, type, placement, next_id, prev_id, opera_id) VALUES (586, 'Quel canto a un bel amor', '', 'serse\Handel-Serse-6-Quel_canto_a_un_bel_amor.pdf', 'recitativo', 6, 587, 585, 30);
INSERT INTO pieces (id, title, description, file_title, type, placement, next_id, prev_id, opera_id) VALUES (587, 'Io le dirò che l''amo... Tu le dirai che l''ami', '', 'serse\Handel-Serse-7-Io_le_dirò_che_l''amo..._Tu_le_dirai_che_l''ami.pdf', 'aria', 7, 588, 586, 30);
INSERT INTO pieces (id, title, description, file_title, type, placement, next_id, prev_id, opera_id) VALUES (588, 'Arsamene, Romilda, oh Dei', '', 'serse\Handel-Serse-8-Arsamene,_Romilda,_oh_Dei.pdf', 'recitativo', 8, 589, 587, 30);
INSERT INTO pieces (id, title, description, file_title, type, placement, next_id, prev_id, opera_id) VALUES (589, 'Sì, mio ben, io vivo per te sol', '', 'serse\Handel-Serse-9-Sì,_mio_ben,_io_vivo_per_te_sol.pdf', 'aria', 9, 590, 588, 30);
INSERT INTO pieces (id, title, description, file_title, type, placement, next_id, prev_id, opera_id) VALUES (590, 'Come, qui, Principessa', '', 'serse\Handel-Serse-10-Come,_qui,_Principessa.pdf', 'recitativo', 10, 591, 589, 30);
INSERT INTO pieces (id, title, description, file_title, type, placement, next_id, prev_id, opera_id) VALUES (591, 'Meglio in voi vol mio partire', '', 'serse\Handel-Serse-11-Meglio_in_voi_vol_mio_partire.pdf', 'aria', 11, 592, 590, 30);
INSERT INTO pieces (id, title, description, file_title, type, placement, next_id, prev_id, opera_id) VALUES (592, 'Belissima Romilda... Di tacere e di schernirmi', '', 'serse\Handel-Serse-12-Belissima_Romilda..._Di_tacere_e_di_schernirmi.pdf', 'aria', 12, 593, 591, 30);
INSERT INTO pieces (id, title, description, file_title, type, placement, next_id, prev_id, opera_id) VALUES (593, 'Aspide sono... Nè men con l''ombre', '', 'serse\Handel-Serse-13-Aspide_sono..._Nè_men_con_l''ombre.pdf', 'aria', 13, 594, 592, 30);
INSERT INTO pieces (id, title, description, file_title, type, placement, next_id, prev_id, opera_id) VALUES (594, 'Se cangio spoglia, non cangio core', '', 'serse\Handel-Serse-14-Se_cangio_spoglia,_non_cangio_core.pdf', 'aria', 14, 595, 593, 30);
INSERT INTO pieces (id, title, description, file_title, type, placement, next_id, prev_id, opera_id) VALUES (595, 'Pugnammo, amici... Già la tromba, che chiamò', '', 'serse\Handel-Serse-15-Pugnammo,_amici..._Già_la_tromba,_che_chiamò.pdf', 'choir', 15, 596, 594, 30);
INSERT INTO pieces (id, title, description, file_title, type, placement, next_id, prev_id, opera_id) VALUES (596, 'Ecco Serse, o che volto', '', 'serse\Handel-Serse-16-Ecco_Serse,_o_che_volto.pdf', 'recitativo', 16, 597, 595, 30);
INSERT INTO pieces (id, title, description, file_title, type, placement, next_id, prev_id, opera_id) VALUES (597, 'Sogetto al mio volere', '', 'serse\Handel-Serse-17-Sogetto_al_mio_volere.pdf', 'recitativo', 17, 598, 596, 30);
INSERT INTO pieces (id, title, description, file_title, type, placement, next_id, prev_id, opera_id) VALUES (598, 'Già la tromba, che chiamò', '', 'serse\Handel-Serse-18-Già_la_tromba,_che_chiamò.pdf', 'choir', 18, 599, 597, 30);
INSERT INTO pieces (id, title, description, file_title, type, placement, next_id, prev_id, opera_id) VALUES (599, 'Queste vittorie, io credo', '', 'serse\Handel-Serse-19-Queste_vittorie,_io_credo.pdf', 'recitativo', 19, 600, 598, 30);
INSERT INTO pieces (id, title, description, file_title, type, placement, next_id, prev_id, opera_id) VALUES (600, 'Più che penso alle fiamme', '', 'serse\Handel-Serse-20-Più_che_penso_alle_fiamme.pdf', 'aria', 20, 601, 599, 30);
INSERT INTO pieces (id, title, description, file_title, type, placement, next_id, prev_id, opera_id) VALUES (601, 'Eccoti il foglio, Elviro... Signore, lasciate far a me', '', 'serse\Handel-Serse-21-Eccoti_il_foglio,_Elviro..._Signore,_lasciate_far_a_me.pdf', 'aria', 21, 602, 600, 30);
INSERT INTO pieces (id, title, description, file_title, type, placement, next_id, prev_id, opera_id) VALUES (602, 'Non sò se sia la speme', '', 'serse\Handel-Serse-22-Non_sò_se_sia_la_speme.pdf', 'aria', 22, 603, 601, 30);
INSERT INTO pieces (id, title, description, file_title, type, placement, next_id, prev_id, opera_id) VALUES (603, 'Tradi di reggia sposa... Saprà delle mie offese', '', 'serse\Handel-Serse-23-Tradi_di_reggia_sposa..._Saprà_delle_mie_offese.pdf', 'aria', 23, 604, 602, 30);
INSERT INTO pieces (id, title, description, file_title, type, placement, next_id, prev_id, opera_id) VALUES (604, 'Al fin sarete sposa', '', 'serse\Handel-Serse-24-Al_fin_sarete_sposa.pdf', 'recitativo', 24, 605, 603, 30);
INSERT INTO pieces (id, title, description, file_title, type, placement, next_id, prev_id, opera_id) VALUES (605, 'Se l''idol mio', '', 'serse\Handel-Serse-25-Se_l''idol_mio.pdf', 'aria', 25, 606, 604, 30);
INSERT INTO pieces (id, title, description, file_title, type, placement, next_id, prev_id, opera_id) VALUES (606, 'Per rapir quel tesoro... Un cenno leggiadretto', '', 'serse\Handel-Serse-26-Per_rapir_quel_tesoro..._Un_cenno_leggiadretto.pdf', 'aria', 26, 607, 605, 30);
INSERT INTO pieces (id, title, description, file_title, type, placement, next_id, prev_id, opera_id) VALUES (607, 'Speranze mie fermate... Ah, chi voler fiora... Or che siete speranze tradite', '', 'serse\Handel-Serse-27-Speranze_mie_fermate..._Ah,_chi_voler_fiora..._Or_che_siete_speranze_tradite.pdf', 'duet', 27, 608, 606, 30);
INSERT INTO pieces (id, title, description, file_title, type, placement, next_id, prev_id, opera_id) VALUES (608, 'Quel curioso... A piangere ogn''ora Amor mi destina... Ah, tigre infidele', '', 'serse\Handel-Serse-28-Quel_curioso..._A_piangere_ogn''ora_Amor_mi_destina..._Ah,_tigre_infidele.pdf', 'duet', 28, 609, 607, 30);
INSERT INTO pieces (id, title, description, file_title, type, placement, next_id, prev_id, opera_id) VALUES (609, 'È tormento troppo fiero... Dirà che amor per me... Dira che non m''amò', '', 'serse\Handel-Serse-29-È_tormento_troppo_fiero..._Dirà_che_amor_per_me..._Dira_che_non_m''amò.pdf', 'duet', 29, 610, 608, 30);
INSERT INTO pieces (id, title, description, file_title, type, placement, next_id, prev_id, opera_id) VALUES (610, 'Ingannata Romilda... L''amerete... L''amerò', '', 'serse\Handel-Serse-30-Ingannata_Romilda..._L''amerete..._L''amerò.pdf', 'duet', 30, 611, 609, 30);
INSERT INTO pieces (id, title, description, file_title, type, placement, next_id, prev_id, opera_id) VALUES (611, 'Se bramate d''amar, chi vi sdegna', '', 'serse\Handel-Serse-31-Se_bramate_d''amar,_chi_vi_sdegna.pdf', 'aria', 31, 612, 610, 30);
INSERT INTO pieces (id, title, description, file_title, type, placement, next_id, prev_id, opera_id) VALUES (612, 'L''amerò, non fia vero... È gelosia quella tiranna', '', 'serse\Handel-Serse-32-L''amerò,_non_fia_vero..._È_gelosia_quella_tiranna.pdf', 'aria', 32, 613, 611, 30);
INSERT INTO pieces (id, title, description, file_title, type, placement, next_id, prev_id, opera_id) VALUES (613, 'Già che il duol non m''uccide... Anima infida tradita io sono', '', 'serse\Handel-Serse-33-Già_che_il_duol_non_m''uccide..._Anima_infida_tradita_io_sono.pdf', 'aria', 33, 614, 612, 30);
INSERT INTO pieces (id, title, description, file_title, type, placement, next_id, prev_id, opera_id) VALUES (614, 'È pazzo affè... Quella che tutta fè', '', 'serse\Handel-Serse-34-È_pazzo_affè..._Quella_che_tutta_fè.pdf', 'aria', 34, 615, 613, 30);
INSERT INTO pieces (id, title, description, file_title, type, placement, next_id, prev_id, opera_id) VALUES (615, 'La virtute sol potea', '', 'serse\Handel-Serse-35-La_virtute_sol_potea.pdf', 'choir', 35, 616, 614, 30);
INSERT INTO pieces (id, title, description, file_title, type, placement, next_id, prev_id, opera_id) VALUES (616, 'Ariodate... Signore... Del mare ad onta', '', 'serse\Handel-Serse-36-Ariodate..._Signore..._Del_mare_ad_onta.pdf', 'recitativo', 36, 617, 615, 30);
INSERT INTO pieces (id, title, description, file_title, type, placement, next_id, prev_id, opera_id) VALUES (617, 'Per dar fine alla mia pena... Arsamene, ove andate... Si, la voglio e la otterò', '', 'serse\Handel-Serse-37-Per_dar_fine_alla_mia_pena..._Arsamene,_ove_andate..._Si,_la_voglio_e_la_otterò.pdf', 'aria', 37, 618, 616, 30);
INSERT INTO pieces (id, title, description, file_title, type, placement, next_id, prev_id, opera_id) VALUES (618, 'V''inchino, eccelso Rè... Voi mi dite che non l''ami', '', 'serse\Handel-Serse-38-V''inchino,_eccelso_Rè..._Voi_mi_dite_che_non_l''ami.pdf', 'aria', 38, 619, 617, 30);
INSERT INTO pieces (id, title, description, file_title, type, placement, next_id, prev_id, opera_id) VALUES (619, 'Saria lieve ognio doglia... Il core spera e teme', '', 'serse\Handel-Serse-39-Saria_lieve_ognio_doglia..._Il_core_spera_e_teme.pdf', 'aria', 39, 620, 618, 30);
INSERT INTO pieces (id, title, description, file_title, type, placement, next_id, prev_id, opera_id) VALUES (620, 'Me infelice... Del mio caro baco amabile', '', 'serse\Handel-Serse-40-Me_infelice..._Del_mio_caro_baco_amabile.pdf', 'aria', 40, 621, 619, 30);
INSERT INTO pieces (id, title, description, file_title, type, placement, next_id, prev_id, opera_id) VALUES (621, 'Gran pena è gelosia... Lo sà il mio cor piagato', '', 'serse\Handel-Serse-41-Gran_pena_è_gelosia..._Lo_sà_il_mio_cor_piagato.pdf', 'duet', 41, 622, 620, 30);
INSERT INTO pieces (id, title, description, file_title, type, placement, next_id, prev_id, opera_id) VALUES (622, 'Romilda, e sarà ver... Val più contento core', '', 'serse\Handel-Serse-42-Romilda,_e_sarà_ver..._Val_più_contento_core.pdf', 'aria', 42, 623, 621, 30);
INSERT INTO pieces (id, title, description, file_title, type, placement, next_id, prev_id, opera_id) VALUES (623, 'Vuò ch''abbian fine', '', 'serse\Handel-Serse-43-Vuò_ch''abbian_fine.pdf', 'recitativo', 43, 624, 622, 30);
INSERT INTO pieces (id, title, description, file_title, type, placement, next_id, prev_id, opera_id) VALUES (624, 'La fortuna, la vita.. Che cede al furore', '', 'serse\Handel-Serse-44-La_fortuna,_la_vita.._Che_cede_al_furore.pdf', 'aria', 44, 625, 623, 30);
INSERT INTO pieces (id, title, description, file_title, type, placement, next_id, prev_id, opera_id) VALUES (625, 'Sinfonia', '', 'serse\Handel-Serse-45-Sinfonia.pdf', 'ouverture', 45, 626, 624, 30);
INSERT INTO pieces (id, title, description, file_title, type, placement, next_id, prev_id, opera_id) VALUES (626, 'Sono vani e pretesti', '', 'serse\Handel-Serse-46-Sono_vani_e_pretesti.pdf', 'recitativo', 46, 627, 625, 30);
INSERT INTO pieces (id, title, description, file_title, type, placement, next_id, prev_id, opera_id) VALUES (627, 'Ahi, scoperto è l''inganno', '', 'serse\Handel-Serse-47-Ahi,_scoperto_è_l''inganno.pdf', 'recitativo', 47, 628, 626, 30);
INSERT INTO pieces (id, title, description, file_title, type, placement, next_id, prev_id, opera_id) VALUES (628, 'Nò, nò, se tu mi sprezzi', '', 'serse\Handel-Serse-48-Nò,_nò,_se_tu_mi_sprezzi.pdf', 'aria', 48, 629, 627, 30);
INSERT INTO pieces (id, title, description, file_title, type, placement, next_id, prev_id, opera_id) VALUES (629, 'Ecco in segno di fè', '', 'serse\Handel-Serse-49-Ecco_in_segno_di_fè.pdf', 'recitativo', 49, 630, 628, 30);
INSERT INTO pieces (id, title, description, file_title, type, placement, next_id, prev_id, opera_id) VALUES (630, 'Per rendermi beato', '', 'serse\Handel-Serse-50-Per_rendermi_beato.pdf', 'aria', 50, 631, 629, 30);
INSERT INTO pieces (id, title, description, file_title, type, placement, next_id, prev_id, opera_id) VALUES (631, 'Ubbidirò al mio Rè... Amor tiranno, amor', '', 'serse\Handel-Serse-51-Ubbidirò_al_mio_Rè..._Amor_tiranno,_amor.pdf', 'aria', 51, 632, 630, 30);
INSERT INTO pieces (id, title, description, file_title, type, placement, next_id, prev_id, opera_id) VALUES (632, 'Come già vi accennammo... Del Ciel d''amore sorte si bella', '', 'serse\Handel-Serse-52-Come_già_vi_accennammo..._Del_Ciel_d''amore_sorte_si_bella.pdf', 'aria', 52, 635, 631, 30);
INSERT INTO pieces (id, title, description, file_title, type, placement, next_id, prev_id, opera_id) VALUES (635, 'Il suo serto rifiuto... Fermatevi, mia Sposa', '', 'serse\Handel-Serse-53-Il_suo_serto_rifiuto..._Fermatevi,_mia_Sposa.pdf', 'recitativo', 53, 636, 632, 30);
INSERT INTO pieces (id, title, description, file_title, type, placement, next_id, prev_id, opera_id) VALUES (636, 'Prode guerrier', '', 'serse\Handel-Serse-54-Prode_guerrier.pdf', 'recitativo', 54, 637, 635, 30);
INSERT INTO pieces (id, title, description, file_title, type, placement, next_id, prev_id, opera_id) VALUES (637, 'Cagion son io del mio dolore', '', 'serse\Handel-Serse-55-Cagion_son_io_del_mio_dolore.pdf', 'aria', 55, 638, 636, 30);
INSERT INTO pieces (id, title, description, file_title, type, placement, next_id, prev_id, opera_id) VALUES (638, 'Romilda infida... Troppo oltraggi la mia fede... Troppo inganni la mia fede', '', 'serse\Handel-Serse-56-Romilda_infida..._Troppo_oltraggi_la_mia_fede..._Troppo_inganni_la_mia_fede.pdf', 'duet', 56, 639, 637, 30);
INSERT INTO pieces (id, title, description, file_title, type, placement, next_id, prev_id, opera_id) VALUES (639, 'Ciò che Giove destinò', '', 'serse\Handel-Serse-57-Ciò_che_Giove_destinò.pdf', 'choir', 57, 640, 638, 30);
INSERT INTO pieces (id, title, description, file_title, type, placement, next_id, prev_id, opera_id) VALUES (640, 'Ecco lo sposo', '', 'serse\Handel-Serse-58-Ecco_lo_sposo.pdf', 'recitativo', 58, 641, 639, 30);
INSERT INTO pieces (id, title, description, file_title, type, placement, next_id, prev_id, opera_id) VALUES (641, 'Chi infelice si trovò', '', 'serse\Handel-Serse-59-Chi_infelice_si_trovò.pdf', 'choir', 59, 642, 640, 30);
INSERT INTO pieces (id, title, description, file_title, type, placement, next_id, prev_id, opera_id) VALUES (642, 'Sene viene Ariodate', '', 'serse\Handel-Serse-60-Sene_viene_Ariodate.pdf', 'recitativo', 60, 643, 641, 30);
INSERT INTO pieces (id, title, description, file_title, type, placement, next_id, prev_id, opera_id) VALUES (643, 'Crude furie degl''orridi abissi', '', 'serse\Handel-Serse-61-Crude_furie_degl''orridi_abissi.pdf', 'aria', 61, 644, 642, 30);
INSERT INTO pieces (id, title, description, file_title, type, placement, next_id, prev_id, opera_id) VALUES (644, 'Perfidi, e ancor osate... Caro voi siete all''alma... Ritorna a noi la calma', '', 'serse\Handel-Serse-62-Perfidi,_e_ancor_osate..._Caro_voi_siete_all''alma..._Ritorna_a_noi_la_calma.pdf', 'finale', 62, 645, 643, 30);
INSERT INTO pieces (id, title, description, file_title, type, placement, next_id, prev_id, opera_id) VALUES (645, 'Serse - Vocal Score', '', 'serse\Handel-Serse-99-Serse_-_Vocal_Score.pdf', 'score', 99, NULL, 644, 30);

CREATE INDEX idx_operas_composer_id ON operas(composer_id);
CREATE INDEX idx_pieces_opera_id ON pieces(opera_id);
CREATE INDEX idx_pieces_type ON pieces(type);
CREATE INDEX idx_pieces_next_id ON pieces(next_id);
CREATE INDEX idx_pieces_prev_id ON pieces(prev_id);

CREATE TABLE schema_migrations (
    filename TEXT PRIMARY KEY,
    checksum TEXT NOT NULL,
    applied_at TEXT NOT NULL DEFAULT CURRENT_TIMESTAMP
);
INSERT INTO schema_migrations (filename, checksum) VALUES ('0001_initial_schema.sql', 'be05b35955184d5f');

COMMIT;
